2R21vXR83lH98kGeO99Y66,,
6AgTAQt8XS6jRWi4sX7w49,,
2tIP7SsRs7vjIcLrU85W8J,,
3meJIgRw7YleJrmbpbJK6S,,
20wkVLutqVOYrc0kxFs7rA,,
6vWDO969PvNqNYHIOW5v0m,,
3hcs9uc56yIGFCSy9leWe7,,
2R21vXR83lH98kGeO99Y66,,
6AgTAQt8XS6jRWi4sX7w49,,
2tIP7SsRs7vjIcLrU85W8J,,
3meJIgRw7YleJrmbpbJK6S,,
20wkVLutqVOYrc0kxFs7rA,,
6vWDO969PvNqNYHIOW5v0m,,
3hcs9uc56yIGFCSy9leWe7,,
23fqKkggKUBHNkbKtXEls4,,
4SsVbpTthjScTS7U2hmr1X,,
1anyVhU62p31KFi8MEzkbf,,
7ltDVBr6mKbRvohxheJ9h1,,
1VPmR4DJC1PlOtd0IADAO0,,
5ZsFI1h6hIdQRw2ti0hz81,,
2R21vXR83lH98kGeO99Y66,,
6AgTAQt8XS6jRWi4sX7w49,,
2tIP7SsRs7vjIcLrU85W8J,,
3meJIgRw7YleJrmbpbJK6S,,
20wkVLutqVOYrc0kxFs7rA,,
6vWDO969PvNqNYHIOW5v0m,,
3hcs9uc56yIGFCSy9leWe7,,
23fqKkggKUBHNkbKtXEls4,,
4SsVbpTthjScTS7U2hmr1X,,
1anyVhU62p31KFi8MEzkbf,,
7ltDVBr6mKbRvohxheJ9h1,,
1VPmR4DJC1PlOtd0IADAO0,,
5ZsFI1h6hIdQRw2ti0hz81,,
1TtXnWcUs0FCkaZDPGYHdf,,
5hdhHgpxyniooUiQVaPxQ0,,
0n6sKrG0xKAf8xmdqeNGke,,
1zNqDE7qDGCsyzJwohVaoX,,
2R21vXR83lH98kGeO99Y66,Anuel AA,
6w9ToX5slZ4uIdmD17hJ3c,,
6Te49r3A6f5BiIgBRxH7FH,,
3l0CmX0FuQjFxr8SK7Vqag,,
2oQX8QiMXOyuqbcZEFsZfm,,
3tlXnStJ1fFhdScmQeLpuG,,
3t2iKODSDyzoDJw7AsD99u,,
5rGrDvrLOV2VV8SCFVGWlj,,
4rXABp4A7KjG9elWFNAbO4,,
5Wg2b4Mp42gicxEeDNawf7,,
5JXhkyafynxCvxtov7C1PV,,
12vb80Km0Ew53ABfJOepVz,,
66ihevNkSYNzRAl44dx6jJ,,
1aS5tqEs9ci5P9KD9tZWa6,,
6QtgPSJPSzcnn7dPZ4VINp,,
48HORs6F9P7IgdyKrk4MZC,,
09agIJMxCD2k87ys9Al0f0,,
07PdYoE4jVRF6Ut40GgVSP,,
6AgTAQt8XS6jRWi4sX7w49,Polo G,
2qk9voo8llSGYcZ6xrBzKx,,
2dIgFjalVxs4ThymZ67YCE,,
3HqSLMAZ3g3d5poNaI7GOU,,
4LEiUm1SRbFMgfqnQTwUbQ,,
5IH6FPUwQTxPSXurCrcIov,,
0elWFr7TW8piilVRYJUe4P,,
1Oa0bMld0A3u5OTYfMzp5h,,
6bmlMHgSheBauioMgKv2tn,,
25UNJbwGZSQKvz5cPLWlv3,,
1DxLCyH42yaHKGK3cl5bvG,,
2ydZrTy8U3kOMOzx20s3dg,,
2Jc4AEeBTE47KwuKgYOtcL,,
2x8vG4f0HYXzMEo3xNsoiI,,
1PKErrAhYFdfrDymGHRQRo,,
5R9eOlQf7HGzD6srMeJKio,,
0ZCO8oVkMj897cKgFH7fRW,,
4WZGDpNwrC0vNQyl9QzF7d,,
5M9Bb4adKAgrOFOhc05Y50,,
0my6Pg4I28dVcZLSpAkqhv,,
5pVRwX5ZQR7hfJ18w8ZYkl,,
1fux65HMCBvfJHqlBc4Nno,,
3CJKkU0XuElRT1z8rEtIYg,,
1wxPItEzr7U7rGSMPqZ25r,,
7Gi6gjaWy3DxyilpF1a8Is,,
2uYWxilOVlUdk4oV9DvwqK,,
4AKwRarlmsUlLjIwt38NLw,,
3UUJfRbrA2nTbcg4i0MOwu,,
4riOEaOW5hCeqomFDBk0aP,,
4YYxffPVDFe9XoqqbRW6Bq,,
5xd2Tg7Zo8755eCy8Gxkp8,,
1hcdI2N1023RvSwLzTtdsp,,
3yY2gUcIsjMr8hjo51PoJ8,,
1vppDmG3i5sXf3DJzrK4T1,,
5xd2Tg7Zo8755eCy8Gxkp8,Ha*Ash,
3hBQ4zniNdQf1cqqo6hzuW,,
0VZrPa7mWAYXH4CwmYk8Km,,
5xkAtLTf309LAGZTbvULBn,,
2R21vXR83lH98kGeO99Y66,,
6AgTAQt8XS6jRWi4sX7w49,,
2tIP7SsRs7vjIcLrU85W8J,,
3meJIgRw7YleJrmbpbJK6S,,
20wkVLutqVOYrc0kxFs7rA,,
6vWDO969PvNqNYHIOW5v0m,,
3hcs9uc56yIGFCSy9leWe7,,
23fqKkggKUBHNkbKtXEls4,,
4SsVbpTthjScTS7U2hmr1X,,
1anyVhU62p31KFi8MEzkbf,,
7ltDVBr6mKbRvohxheJ9h1,,
1VPmR4DJC1PlOtd0IADAO0,,
5ZsFI1h6hIdQRw2ti0hz81,,
1TtXnWcUs0FCkaZDPGYHdf,,
5hdhHgpxyniooUiQVaPxQ0,,
0n6sKrG0xKAf8xmdqeNGke,,
1zNqDE7qDGCsyzJwohVaoX,,
2R21vXR83lH98kGeO99Y66,Anuel AA,
6w9ToX5slZ4uIdmD17hJ3c,,
6Te49r3A6f5BiIgBRxH7FH,,
3l0CmX0FuQjFxr8SK7Vqag,,
2oQX8QiMXOyuqbcZEFsZfm,,
3tlXnStJ1fFhdScmQeLpuG,,
3t2iKODSDyzoDJw7AsD99u,,
5rGrDvrLOV2VV8SCFVGWlj,,
4rXABp4A7KjG9elWFNAbO4,,
5Wg2b4Mp42gicxEeDNawf7,,
5JXhkyafynxCvxtov7C1PV,,
12vb80Km0Ew53ABfJOepVz,,
66ihevNkSYNzRAl44dx6jJ,,
1aS5tqEs9ci5P9KD9tZWa6,,
6QtgPSJPSzcnn7dPZ4VINp,,
48HORs6F9P7IgdyKrk4MZC,,
09agIJMxCD2k87ys9Al0f0,,
07PdYoE4jVRF6Ut40GgVSP,,
6AgTAQt8XS6jRWi4sX7w49,Polo G,
2qk9voo8llSGYcZ6xrBzKx,,
2dIgFjalVxs4ThymZ67YCE,,
3HqSLMAZ3g3d5poNaI7GOU,,
4LEiUm1SRbFMgfqnQTwUbQ,,
5IH6FPUwQTxPSXurCrcIov,,
0elWFr7TW8piilVRYJUe4P,,
1Oa0bMld0A3u5OTYfMzp5h,,
6bmlMHgSheBauioMgKv2tn,,
25UNJbwGZSQKvz5cPLWlv3,,
1DxLCyH42yaHKGK3cl5bvG,,
2ydZrTy8U3kOMOzx20s3dg,,
2Jc4AEeBTE47KwuKgYOtcL,,
2x8vG4f0HYXzMEo3xNsoiI,,
1PKErrAhYFdfrDymGHRQRo,,
5R9eOlQf7HGzD6srMeJKio,,
0ZCO8oVkMj897cKgFH7fRW,,
4WZGDpNwrC0vNQyl9QzF7d,,
5M9Bb4adKAgrOFOhc05Y50,,
0my6Pg4I28dVcZLSpAkqhv,,
5pVRwX5ZQR7hfJ18w8ZYkl,,
1fux65HMCBvfJHqlBc4Nno,,
3CJKkU0XuElRT1z8rEtIYg,,
1wxPItEzr7U7rGSMPqZ25r,,
7Gi6gjaWy3DxyilpF1a8Is,,
2uYWxilOVlUdk4oV9DvwqK,,
4AKwRarlmsUlLjIwt38NLw,,
3UUJfRbrA2nTbcg4i0MOwu,,
4riOEaOW5hCeqomFDBk0aP,,
4YYxffPVDFe9XoqqbRW6Bq,,
0vLsqW05dyLvjuKKftAEGA,,
2tIP7SsRs7vjIcLrU85W8J,The Kid LAROI,
5BcAKTbp20cv7tC5VqPFoC,,
2SrSdSvpminqmStGELCSNd,,
1qQLhymHXFPtP5U8KNKsm6,,
3meJIgRw7YleJrmbpbJK6S,Die drei ???,
43DRDu6nLSeIedZ7T1A616,,
6h1s4i4XKIYv4ErDelLDN0,,
64aJYyrXljOodnUG6jvhRD,,
4aXXDj9aZnlshx7mzj3W1N,,
14CHVeJGrR5xgUGQFV5BVM,,
2NfSBtmWe7oPw1EmetJVso,,
2T1aUibqR2QC2sINIDQOAK,,
61qDotnjM0jnY5lkfOP7ve,,
4IMAo2UQchVFyPH24PAjUs,,
1pgDilWYDWLoOgGjf1iHNu,,
3uL4UpqShC4p2x1dJutoRW,,
3Sz7ZnJQBIHsXLUSo0OQtM,,
3HiuzBlSW7pGDXlSFMhO2g,,
6fxyWrfmjcbj5d12gXeiNV,,
4Yttlv9ndGjCDCVLqM7ACq,,
6kq4GHwUcUojGIu0ziSNXf,,
37M5pPGs6V1fchFJSgCguX,,
20wkVLutqVOYrc0kxFs7rA,Daniel Caesar,
59wfkuBoNyhDMQGCljbUbA,,
5K8Rmjmf4RZFffz94EmBRt,,
7d86ERlvO5UG44j7Va0Y0C,,
0RESbWvOMyua0yuyVrztJ5,,
0CbeG1224FS58EUx4tPevZ,,
0XeEobZplHxzM9QzFQWLiR,,
5XJDexmWFLWOkjOEjOVX3e,,
6vWDO969PvNqNYHIOW5v0m,Beyoncé,
4sVieJlKgpZ2k9ESNS5IdN,,
1on7ZQ2pvgeQF4vmIA09x5,,
3NH8t45zOTqzlZgBvZRjvB,,
6LnJKrtFnTEGdbWQ2riWCL,,
4sbXXFzEWJY2zsZjelerjX,,
2Mu5NfyYm8n5iTomuKAEHl,,
4LXBc13z5EWsc5N32bLxfH,,
3E6xrwgnVfYCrCs0ePERDz,Wisin,
0Dvx6p8JDyzeOPGmaCIH1L,,
2jSGzJw0ebJLu7OLVSOcBP,,
3YCKuqpv9nCsIhJ2v8SMix,,
5eioJDe26lOqkAMbuhzZYs,,
13bDjug9N0pyv3ZUINjkDV,,
54R6Y0I7jGUCveDTtI21nb,,
6vTqEFbTtTRJsuIpzZgjxi,,
44mEtidu0VdRkIqO4IbkNa,,
2WBJQGf1bT1kxuoqziH5g4,,
7a0XAaPaK2aDSqa8p3QnC7,,
4VIvfOurcf0vuLRxLkGnIG,,
1l6d0RIxTL3JytlLGvWzYe,,
2YlvvdXUqRjiXmeL2GRuZ9,,
4b19vuzlDcNdU4quI7L6sW,,
12nEr6QOfSKkiTXjEp8tBB,,
48QpIkzC2yRCUCvNvOVZqD,,
4W12lEvVl5wectUtRNrvDh,,
1kiq2kUV0cbLUhJsr7cpW0,,
3hcs9uc56yIGFCSy9leWe7,Lil Durk,
5xd2Tg7Zo8755eCy8Gxkp8,,
1hcdI2N1023RvSwLzTtdsp,,
3yY2gUcIsjMr8hjo51PoJ8,,
1vppDmG3i5sXf3DJzrK4T1,,
3hBQ4zniNdQf1cqqo6hzuW,,
0VZrPa7mWAYXH4CwmYk8Km,,
5xkAtLTf309LAGZTbvULBn,,
5QdEbQJ3ylBnc3gsIASAT5,,
6U1dBXJhC8gXFjamvFTmHg,,
5v2WhpA59TJSdPh7LCx1lN,,
7A8S43ryYdbWpJKeHRZRcq,,
75i9GaW2MJUgt4BkdUnuUY,,
1tG7s7S4sq2eFFW0QZyLbm,,
1LIuN7ov1IBQDdLsU83ojl,,
6EPlBSH2RSiettczlz7ihV,,
4o0NtnL2m0lzZmEdRas1qv,,
11YLRSsZA3YVuQQtHXKTlz,,
7kXCcNRLEnblbTAppPraBp,,
5k3Cw8TfLQt40L5dbqxJKD,,
2NpPlwwDVYR5dIj0F31EcC,,
2c5WYCqQGs0UttiLCzVfOe,,
5xYNmNkaWRqu3e5F4UXME8,,
2VYQTNDsvvKN9wmU5W7xpj,,
1wGIhYkKWSq4yACtTkCkSX,,
2elBjNSdBE2Y3f0j1mjrql,,
1aw0Cdl1DIrtUrUA6fGbAR,,
4upwdFMlZBmQ68jP9jPzjK,,
6L34dW6SKMSDaGIfYDU19j,,
4MXUO7sVCaFgFjoTI5ox5c,,
28ExwzUQsvgJooOI0X1mr3,,
1WMwuNKzEFtU6pPkdtryYS,,
5F1aoppMtU3OMiltO8ymJ2,,
57DlMWmbVIf2ssJ8QBpBau,,
1mV9h1AwhRXSjBFcYpajgY,,
1El4YQA8oCXX7ynFSxRTFq,,
3v6Ji4uoWtKRkhuDUaxi9n,,
68YeXpLt3jB7JHQS5ZjMGo,,
5Y3MV9DZ0d87NnVm56qSY1,,
04yr1h3maDSKvM08pgOezF,,
5fSVkkuijRIpxuvSqysYiP,,
23fqKkggKUBHNkbKtXEls4,Kygo,
6XJykeImeaTIiXaeoORBs5,,
25XJqeReVV38w0tR04GGBd,,
2Ie3P7oklbSFxfrGtrkT9W,,
5pXe6yFchq1oyYK3rq2A8i,,
2yOGWPXuL8wG3F1q5FWmep,,
0EyOVnnzk2mlj1xuGiHpua,,
5E9Xn7QuCD3VYCuBqLxBdY,,
5Asmk7uzCjVJN77MLDnvma,,
6nfDaffa50mKtEOwR8g4df,,
64d1rUxfizSAOE9UbMnUZd,,
7xeM7V59cA1X8GKyKKQV87,,
5kVZa4lFUmAQlBogl1fkd6,,
4TK1gDgb7QKoPFlzRrBRgR,,
3SUT1jjM5hzZj9TLfLZGIP,,
2hRQKC0gqlZGPrmUKbcchR,,
2AsusXITU8P25dlRNhcAbG,,
5TnQc2N1iKlFjYD7CPGvFc,,
5BvJzeQpmsdsFp4HGUYUEx,,
4SsVbpTthjScTS7U2hmr1X,Arcangel,
3nFB4eMP5gdqee2eQb8nZb,,
19i93sA0D7yS9dYoVNBqAA,,
0LX2VNf5w4iOHW1yyIqb74,,
3drqpTL4sQOckmAfF9i1wg,,
6ModsWtBph2rE6zCTVxvZt,,
2mVVjNmdjXZZDvhgQWiakk,,
4tYSBptyGeVyZsk8JC4JHZ,,
3pjq2pDV9RR6VY55wBjVnp,,
1aWJsBQa67l72j1VT3D6Ow,,
1Vvvx45Apu6dQqwuZQxtgW,,
0dlDsD7y6ccmDm8tuWCU6F,,
27LlKWxS3KXW7RRAxN5S8s,,
0TeVa4xdLB8vdzjsvKH6Ri,,
5gs4Sm2WQUkcGeikMcVHbh,,
6m1LYS5NQonxjOcQFPQOb5,,
1Q6SZxTvaE3HhslV0iXbI6,,
3E31HqA00iCX9nRhesw6LD,,
6hk7Yq1DU9QcCCrz9uc0Ti,,
6INEFmHKLhMIJAQzHUBAMd,,
6k8mwkKJKKjBILo7ypBspl,,
3abT87tqQ4Q5PA5nw6CYyH,,
63nv0hWWDob56Rk8GlNpN8,,
76Pl0epAMXVXJspaSuz8im,,
0Riv2KnFcLZA3JSVryRg4y,,
3eNYrVLcWfjJ9JdH9kiPJO,,
0bBz5bRBkExaej2HxtVfCw,,
7ADRm1oT7VmhRRZrZqycV6,,
49CE2ffZ6Z3zeYSDauSKck,,
6SXTTUJxIVwMbc1POrviTr,,
1hD52edfn6aNsK3fb5c2OT,,
3o1cwVQfiDWafhYA02k13C,,
4ArPQ1Opcksbbf3CPwEjWE,,
3Y2MLcrD3ZQXRXmtn4fZQx,,
3twuAojvYNrlWZpMkxLm3P,,
1JPhbKU3boL67fftU3U1ED,,
7gjqZ8coFZimZDtdk04WP1,,
7nqlScm2smydSRl13eaP8E,,
7ACEUD7UsmmXrnj4OLt8f9,,
76dRoxKtDwYkgCQePok9cU,,
5BNE7AF1Sp5bWiqtXpekFq,,
5RmQ8k4l3HZ8JoPb4mNsML,,
1cYhx7ZOhYoVmnDPb9KMwo,,
5B8ApeENp4bE4EE3LI8jK2,,
0T1CMVkqffHlqEk4BcAph1,,
1phfTBIocBW3UwqcYjaEN6,,
4uqzzJg3ww5eH7IgGV7DMT,,
1anyVhU62p31KFi8MEzkbf,Chance the Rapper,
4QvgGvpgzgyUOo8Yp8LDm9,,
7mWCSSOYqm4E9mB7V4ot6S,,
2z2TRvloJt4EfUNQp9rHAi,,
6gto7HVNhu4ARE3P3g8Y5Y,,
5ZqnEfVdEGmoPxtELhN7ai,,
3hTffafUYLLgO4yuPAxb5U,,
7ltDVBr6mKbRvohxheJ9h1,ROSALÍA,
4UK2Lzi6fBfUi9rpDt6cik,,
5p7mWeX4RlvqBCxylfiXdE,,
5B6H1Dq77AV1LZWrbNsuH5,,
7CJgLPEqiIRuneZSolpawQ,,
0L1f9i3L3fkMNENljDOsjG,,
3AlRiyjMywTVNzTcHbf9QT,,
0XNKQFs2Ewb3y0VsFUFc5l,,
6hfwwpXqZPRC9CsKI7qtv1,,
5Yo5iU2nf4H41waPl4ZnS1,,
2XzXLjXRSeFtsic4ieyLJy,,
1VPmR4DJC1PlOtd0IADAO0,$uicideboy$,
0jdNdfi4vAuVi7a6cPDFBM,,
6DvlemMOlMH6VD9tB7BPRf,,
0MIG6gMcQTSvFbKvUwK0id,,
0m5FakHKCQdA7UN0PIzMcL,,
2qMezKrAKRh2Z2uR3fCqHt,,
6RdcIWVKYYzNzjQRd3oyHS,,
6oMRQ5H3A2XA5I3RG3leni,,
3lY9Fxceu60W1rbon7PkuF,,
1cYhx7ZOhYoVmnDPb9KMwo,,
5B8ApeENp4bE4EE3LI8jK2,,
0T1CMVkqffHlqEk4BcAph1,,
1phfTBIocBW3UwqcYjaEN6,,
4uqzzJg3ww5eH7IgGV7DMT,,
1phfTBIocBW3UwqcYjaEN6,Mike Bahía,
4QvgGvpgzgyUOo8Yp8LDm9,,
7mWCSSOYqm4E9mB7V4ot6S,,
2z2TRvloJt4EfUNQp9rHAi,,
6gto7HVNhu4ARE3P3g8Y5Y,,
5ZqnEfVdEGmoPxtELhN7ai,,
3hTffafUYLLgO4yuPAxb5U,,
4UK2Lzi6fBfUi9rpDt6cik,,
5p7mWeX4RlvqBCxylfiXdE,,
5B6H1Dq77AV1LZWrbNsuH5,,
7CJgLPEqiIRuneZSolpawQ,,
0L1f9i3L3fkMNENljDOsjG,,
3AlRiyjMywTVNzTcHbf9QT,,
0XNKQFs2Ewb3y0VsFUFc5l,,
6hfwwpXqZPRC9CsKI7qtv1,,
5Yo5iU2nf4H41waPl4ZnS1,,
2XzXLjXRSeFtsic4ieyLJy,,
4uqzzJg3ww5eH7IgGV7DMT,Bunbury,
0jdNdfi4vAuVi7a6cPDFBM,,
6DvlemMOlMH6VD9tB7BPRf,,
0MIG6gMcQTSvFbKvUwK0id,,
0m5FakHKCQdA7UN0PIzMcL,,
4QvgGvpgzgyUOo8Yp8LDm9,Mrs. GREEN APPLE,
2qMezKrAKRh2Z2uR3fCqHt,,
6RdcIWVKYYzNzjQRd3oyHS,,
6oMRQ5H3A2XA5I3RG3leni,,
3lY9Fxceu60W1rbon7PkuF,,
58r1rB5t3VF5X6yXGPequV,,
68dW5BU6sdVNf099EylxEt,,
2uSwBbWqsXgoMYQjynmwQ7,,
3tNPDodRNuLdezJnTsYOqy,,
5ee4yhrWOxaxvL77BoVpVR,,
7mWCSSOYqm4E9mB7V4ot6S,Miguel Bosé,
0IxgA9wO4Op3CSnPlhfwV1,,
25sJFKMqDENdsTF7zRXoif,,
0TKFPt9w0AAEnhB9bd0pLy,,
5nSGBmlgUdqWNExnOX8VtV,,
2OEGI2wrCVmvavKEOMlccy,,
7afPAbg5jb45KFUSnHIMFG,,
5DHi2MeoRgAwPE0A0qwRMl,,
3SYnDj7btg9gFY7ps8m5d5,,
4myTppRgh0rojLxx8RycOp,,
2fsk4VlJdNF6G8cCMDrrzB,,
0gAILSEru1PKMwP0tAqNLS,,
3WLUyDqIO1ihcIgNzIu6ZB,,
0veZkZPeWoJQ9gt6VAXlkN,,
7zxFc10N9BP2lg73b8cwZ0,,
6G3sPhnj4JBCsBVBGvZnkk,,
2h6hAChW74hB9HvrNoK1RY,,
1XynjLPAyPi8SZAx8LHN0Z,,
1PbtWtrN7jZpd4toqxrjm2,,
4fEkbug6kZzzJ8eYX6Kbbp,,
5pBMkZNIlbGTH3hrsQJqAa,,
2XnBwblw31dfGnspMIwgWz,,
4LFOoXhMhnq9U8VsZkSwxl,,
3kjuyTCjPG1WMFCiyc5IuB,,
6QtGlUje9TIkLrgPZrESuk,,
0haZhu4fFKt0Ag94kZDiz2,,
5wyWp867LWGjFmYZXVSFnZ,,
4iJLPqClelZOBCBifm8Fzv,,
3pgCLfNbw5ozIfoNsvDU7i,,
2cCUtGK9sDU2EoElnk0GNB,,
4pADjHPWyrlAF0FA7joK2H,,
3vvLuXEEf7sl3izJcw0GIn,,
1AgAVqo74e2q4FVvg0xpT7,,
56SjZARoEvag3RoKWIb16j,,
1mux8L6xg2Cmrc7k0wQczl,,
39KEQQAG9JhIt71g9NEVhh,,
2iE18Oxc8YSumAU232n4rW,,
0bzfPKdbXL5ezYW2z3UGQj,,
6DARBhWbfcS9E4yJzcliqQ,,
5r1tUTxVSgvBHnoDuDODPH,,
5X4LWwbUFNzPkEas04uU82,,
7LnaAXbDVIL75IVPnndf7w,,
5j21TGkrNEAJe3gG9VlS34,,
6i392l38cR3uBPF0DbNs7S,,
4aWhlVjiUjYHpVWBPP8AFc,,
66TrUkUZ3RM29dqeDQRgyA,,
7AUgYiThuW80zSOwY7Ub2g,,
592JnViQ2tot63c1SbtgK2,,
2XcZshqzPKm3iZcmt73R8D,,
1LOB7jTeEV14pHai6EXSzF,,
57dN52uHvrHOxijzpIgu3E,,
4nPxrGG7k7aEKmNLsfX4cd,,
0cjkWe9VXcECGiOEHFuTfc,,
0U5RYP2HMdGv2GhicLhkOI,,
7KFOc3T4Xo8DVZt4PWw2qN,,
0ebNdVaOfp6N0oZ1guIxM8,,
2AfU5LYBVCiCtuCCfM7uVX,,
52OQXvCMAJ0zqE2ZQrBTqC,,
3u6lPufHw4Oww6D88rv6sB,,
7v49oVVUhvIQG5EK0jkcF7,,
7xtnpHS34mLlxGZDVUBHSU,,
007FXgr0jLBJxhPJjacXQH,,
2z2TRvloJt4EfUNQp9rHAi,Alonzo,
3mmI5HKArDwgggj4j0aJyC,,
51MxI9mWmRMPLK9eNlyQ7o,,
0kKygNaCQjqVLrImIftRDJ,,
7oWrEQO1d3klp0Qrfh7a5h,,
1XLWox9w1Yvbodui0SRhUQ,,
1SiLK8gdECx2iEm2SSj0Bl,,
10XY9PZCJKzUFzZOdtlQLU,,
47tuSUJMhsa3twW6wgKdIW,,
0jRC2uXx4hEpqNrBDJdY7l,,
4FcZfItjVIsfO9TynErl7X,,
12A83CWwFiyXy90ScLWPIe,,
2CgVSpL4tfbUuHmTGS7wF3,,
752p3IcSA76CVOvqoGcFWH,,
2auikkNYqigWStoHWK1Grq,,
0i38tQX5j4gZ0KS3eCMoIl,,
5IbUz6BcOu6IVY512oxavP,,
3UiFkdKHdOicMxX3QDreMp,,
4A0TivfinfALCAMJqqjZIk,,
1k1AM2ESRQseVAj6rvBdtx,,
5kfMU816qY0ujqEt3xIHqR,,
0y7B2G0jNMGWyQJsOoRMUt,,
4Kxlr1PRlDKEB0ekOCyHgX,,
4EnEZVjo3w1cwcQYePccay,,
1SJOL9HJ08YOn92lFcYf8a,,
09UmIX92EUH9hAK4bxvHx6,,
4iWkwAVzssjb8XgxdoOL6M,,
6gto7HVNhu4ARE3P3g8Y5Y,Kollegah,
6RTC1abMgBC7Krg6qJQHJh,,
5l8VQNuIg0turYE1VtM9zV,,
2OHKEe204spO7G7NcbeO2o,,
1OPqAyxsQc8mcRmoNBAnVk,,
3LKXWvXFWrkwUzJWxzwVpW,,
4dyYjqmYDjegbB3F2mbvcT,,
6z7xFFHxYkE9t8bwIF0Bvg,,
4ClsVDy2g7RKSSlvq8cF6d,,
2ae6PxICSOZHvjqiCcgon8,,
6p2442ymrT9lZEuCZJdYcH,,
6gEzJZrbm0F4ihvE9iXR9z,,
6wH6iStAh4KIaWfuhf0NYM,,
23xqmJEN3oVxwzqtNIyR5m,,
1fxbULcd6ryMNc1usHoP0R,,
6GfiCQDFYANz5wUkSmb3Dr,,
0Jsk5iYMr5aNjHury7blm1,,
1vVHevk2PD45epYnDi9CCc,,
1mvpEXClANunyiHFtAXCxt,,
0a3zDmrvmZcORfPeONPvfL,,
0Tob4H0FLtEONHU1MjpUEp,,
056KMTw6IztdQjBmFfVyO3,,
2N2aJ1SXQxMkhHD8C6fhYD,,
06bDwgCHeMAwhgI8il4Y5k,,
25tMQOrIU4LlUo6Sv8v5SE,,
44IvvHRk2XF243QLA2VOa8,,
117XFtbZPnCI1EYKjYZWJc,,
3A9B6c1CrSPauiOblw7pWz,,
1caoBfXJrbKCwIaTzGkyHn,,
0TMvoNR0AIJV138mHY6jdE,,
2ISiyx4DLCMAMBCvPesCoq,,
6IZ4ctovY9dl7bgHClAvKJ,,
24z2EWgF5nVUKnbJHd9ku2,,
1ZHk8dteZz6Vi2HFp4hGoM,,
5vmwWgrlwCfHm1P0vdDFbU,,
56VhOZOF6hwqrbNYwkmcsH,,
5ZqnEfVdEGmoPxtELhN7ai,Estopa,
2PaZWGu5T5nHjY2xxAkFsT,,
4G1zP5i0r57g1c1CxrPhfM,,
40ZNYROS4zLfyyBSs2PGe2,,
6Gk5hoM7eW8NSCYhICMDHw,,
5zCaQxjl110XTrm4LQ1CxY,,
7fObcBw9VM3x7ntWKCYl0z,,
3FoFW2AoUGRHBacC6i4x4p,,
3IaKn0ExWTMPqa0mscUYw3,,
3GxKJzJK4LpsYGXQrw77wz,,
5RZjpmuD14JKXvB8Ry1G1u,,
3hTffafUYLLgO4yuPAxb5U,Lenin Ramírez,
1OwYxVDNKP9JtSpp5E0uA4,,
2kHxkdiKCSnHMkhIgFBZaI,,
1MRiIeZbc0cRuxOafDUCtH,,
0pePYDrJGk8gqMRbXrLJC8,,
3dN9MQpjIyNxyeRfz4EDZe,,
7g56xCsozigPH5OgmwinYA,,
6CY7WNJfd5uZclcS3WeEjx,,
1Z7q2glJYLsPpPoPIgBjdE,,
1qKLikeNYpQFSsDAjg7HpI,,
3YVNhnRJA4fODe4IyUIeWN,,
17TFSnqADESRM8BPSaM5aB,,
77DAFfvm3O9zT5dIoG0eIO,,
0ABU5rOo3hIfRLxQVIDz0x,,
6ZiGAU6TJQEyidFQ22eIOS,,
34b7j3TqM5ramjmt2mc8tB,,
6dqohi36avY0M9urnyhITr,,
7n3wAgh1j3RRbxYzfZTQDF,,
2nHqqbtjufjA5axp50TTg3,,
0shHIQr8VamXbzM66kwGQo,,
5szJHKg5xeUlQ9pTqzdpic,,
2auC28zjQyVTsiZKNgPRGs,,
6XFITTl7cFTdopDY3lUdlY,,
2iDVt6mFbtbDEZG5ax0dTi,,
1A5QJAC1vdhbhPE25Q0x0f,,
4UK2Lzi6fBfUi9rpDt6cik,ヨルシカ,
2RJBv9wXbW6m539q9NOfW1,,
5l4nhyz8876RhgE2d18h65,,
6gzXCdfYfFe5XKhPKkYqxV,,
28DdkLhrzQNizZ0ExQpyku,,
7aRC4L63dBn3CiLDuWaLSI,,
5p7mWeX4RlvqBCxylfiXdE,KC Rebell,
1zEo6Fk1iaaOYFlFPBHCFn,,
52zMTJCKluDlFwMQWmccY7,,
2j2rh3oQh4QEUnNTDKYSJD,,
4EVpmkEwrLYEg6jIsiPMIb,,
0FUsrstJwmg4WVHQMTYuUA,,
4wQ3PyMz3WwJGI5uEqHUVR,,
5Y8eJDj37KhaEeqbVO7Ag1,,
1Qp56T7n950O3EGMsSl81D,,
1oH2B8tcHn4Gpl2bmmyd4A,,
5NNlkZBrBpOJ7C11JwVxIj,,
0i1s9WcIu0PrUvHzALgofo,,
2F9pvj94b52wGKs0OqiNi2,,
2otUckChxWf2cp6UP2cD6e,,
6MwPCCR936cYfM1dLsGVnl,,
5B6H1Dq77AV1LZWrbNsuH5,Jarabe De Palo,
0GDGKpJFhVpcjIGF8N6Ewt,,
2NUz5P42WqkxilbI8ocN76,,
5fEQLwq1BWWQNR8GzhOIvi,,
2JwyRtuXf2l6sTnSnGVIa1,,
79bxUQsBIXO8nVLB9fYKf7,,
7BJjzi0JHyDHAsmVe21dGa,,
7CJgLPEqiIRuneZSolpawQ,Taco Hemingway,
5V1qsQHdXNm4ZEZHWvFnqQ,,
38WbKH6oKAZskBhqDFA8Uj,,
0QR764k0D36npmTMWx5bft,,
2kIs76sEGiulKeqetZq6ua,,
7EyzyrMNgqiK8bMrbkOT9l,,
0Wi2fADbhwXlPUWxBmzo99,,
5soMpG6E6oApEiCZgrWeVz,,
0L1f9i3L3fkMNENljDOsjG,Rocco Hunt,
7w4W5Yr7oTBAqhglv0IP87,,
2q9wk5fkeU2C9CgCKdh4AN,,
5xKp3UyavIBUsGy3DQdXeF,,
5tIkXJTex4JY7cv9mmgAZx,,
5GvMLzUp6tMBpaCbr903RN,,
3jk39CGeaaSO3FPKNx1RUx,,
3AlRiyjMywTVNzTcHbf9QT,Lil Kleine,
1SxuyHZnLUFyFHGzdGaxZk,,
5FVBduYaeVBb6JIghza7v6,,
7BgEOZ9w3Y4IMShXTMu1nN,,
0fskdccy6fvnWMNMNPqEro,,
1gl0S9pS0Zw0qfa14rDD3D,,
6gKzPziGLKXdUaEEIm86Mn,,
20pbz4TbpkBUr5JwYfGgPS,,
0rJ0xlAQI0wLRucDRoQQbO,,
1gW6pz5n1aK249L0GvfQCC,,
526TMJFuJibm9j2p9td9Yp,,
4llAOeA6kEF4ytaB2fsmcW,,
7eCmccnRwPmRnWPw61x6jM,,
1ZyqnbV7Brg5LgyS4EZCUD,,
5tHiL8SKSaZGMBUPIiSmX4,,
3TikHXhctY4FUIMlkl0tzR,,
2tPR06hLUvH5aIY3JXNIxY,,
6rYEqmajzlhGVaayOJ2bpJ,,
7xbVj2U2bY22gyZnh04TlN,,
1gm1katIowFM22Ldqcw6DK,,
7iBY1RLWDV5zX9NDNQxurm,,
6E94QKXZv8BbO6QQJxcxLI,,
4NqS7DbPFYwZmniGHCPMpm,,
4Wjf8diP59VmPG7fi4y724,,
3ZHU5AKrUmIPnCFfr82QER,,
7KkqUt65v6LMtR369OQ6FB,,
4TNb6OInXahdseLnzAY1eL,,
4oZolC0sCwCAKqsNXfRlVS,,
4FDj6mh458K7m9Txwyj2rt,,
7r1Ecc2TAxhyLeGac53N6K,,
0LKAV3zJ8a8AIGnyc5OvfB,,
6y7frW1RUq3XBBXbYowVpk,,
4xcDVatLFh6qlcm41er3LV,,
0XNKQFs2Ewb3y0VsFUFc5l,MORGENSHTERN,
2CiO7xWdwPMDlVwlt9qa1f,,
5x2zeeLVXEDaMHRaRmH3FD,,
0xTWPVQfXgaj6Je1inSRKw,,
1QIbeCbJNuFMKhZMY1rey8,,
63GIj2yhFvX1Bzphb9JgVb,,
1XFN3VcuKr4tsTtQlRiTgK,,
1ruutHJcECI7cos2n5TqpO,,
6NUhQz7eAEsZvjEHTKHux9,,
59r5UU2HOytn9V5uMZ5Vur,,
2PhFsxtwCQLS3e9SJwDN3j,,
6hfwwpXqZPRC9CsKI7qtv1,Alina Baraz,
0hMbS7DvRkVNTnrCMeUUAX,,
14jVHWj9dqpLhs8hHEMnyJ,,
44yXVrsMTsKGUBHZsYFZNq,,
5isi7xwETQC1HbzQSaOufS,,
605nzjdqXRmYdEJ6wqCUC1,,
4cMwyqmHCwJjRZ3frIVHTr,,
5Yo5iU2nf4H41waPl4ZnS1,LEA,
7bmYpVgQub656uNTu6qGNQ,,
61if35zz1W11GejEkxTLEQ,,
4fR3W8XFXsqHB8f8IqEr1y,,
5RwfJb8wxN1fuodcPORVxP,,
4TEJudQY2pXxVHPE3gD2EU,,
3WaJSfKnzc65VDgmj2zU8B,,
5lFhCi03HDneWzvCxGctrT,,
2XzXLjXRSeFtsic4ieyLJy,Wilbur Soot,
6qFt3TjvxMt77YGsktWG8Z,,
1mpOD8ZwHnbsryIuXWq0R1,,
50z4meqYMvVCXEv2jDneDN,,
2Im8m4STDBosjfmb5hmP80,,
2zF0KCQEt1O4Z9fWVUVi4T,,
3eCd0TZrBPm2n9cDG6yWfF,,
5BMgsAFg8rZQc3tqs5BB8G,,
7x5rK9BClDQ8wmCkYAGsQp,,
4XpUIb8uuNlIWVKmgKZXC0,,
0r8toju2ecKaVtItkzAnNi,,
27mVhYvJa7apj1zCoZ9TF2,,
7wOZy3KdFVVINgNFFxkxwO,,
4OiCK9NnTWhakDIG57uBUA,,
6aaMZ3fcfLv4tEbmY7bjRM,,
6289Bbkkk3gaCbh1K7Rv8F,,
45Yz90pqjzEdJzpEQg1eII,,
0gPgE6wLLiPnrakh9WcsdQ,,
2r8iLFeSTuOiZualHmSXxS,,
5nH2klYTzn8CNvUv1GOGQO,,
4dLvccxeQIM5u80Ri0u9OV,,
5RK6c1tyaKpwcDpbgCGNgj,,
0QHGCPmM4UgeNvrNPntSlu,,
3tJELJoPZ4VTKmL0vppqLj,,
4Nrd0CtP8txoQhnnlRA6V6,,
07SFzTMeYf5P8Rd32a9Zzw,,
1silJqJQfrrZNFvWWjAyhh,,
3D2GUXbtlL3r2d5HJEnsFD,,
29nrwultxQ8jENVmXoyMqK,,
6jQZzWW3JlEtcRDSzFVKSP,,
1Kjs5u8GQf6zCFdTj6SI9E,,
64k5e9kV9MdukXjFrR5R37,,
5sXaGoRLSpd7VeyZrLkKwt,,
0l6WgSoqo4UqeuXFKnTQRu,,
5npvUMe1CGnIhTX7OaLGVV,,
04QHNiih9ZesPvals6II1h,,
1nVq0hKIVReeaiB3xJgKf0,,
1yNIb413Bmfs2ZBVuPp9kC,,
128ftF9X7Kd7Di2fq3wYVs,,
3xEJ7cDz5rdg6VM8E6Mqhf,,
0FRUZvZNPzM3YJMABJxf2K,,
25yJrwrn5I0EUdQEiTtNSO,,
0spHbv2fw49lDMkbOAdaqX,,
55jryyk7RhvMbrvoF0ndBh,,
3uo0ix4Y67XHVWBhXXIY1S,,
2ufQfSFDFXfMS7MEMzdGZE,,
2BHswvFd8tMBizVWGcAMLm,,
0OhiQFSqbnnmB52NWEpsO5,,
3B9O5mYYw89fFXkwKh7jCS,,
2M4eNCvV3CJUswavkhAQg2,,
3tLYpanVDomWAZqF82NPds,,
44JEJiBvti7NiEhAfzWstv,,
0eVyjRhzZKke2KFYTcDkeu,,
2IHoZ3RrDJIikMRsYgHjhy,,
4p5IspnsqtILeRtckOxumu,,
5qZLYtTL3ldN6Uw7OXHESR,,
1AUZYkS7eLmZUnBjQyJmwf,,
6OQggpm01CmAB717TKtDCr,,
1csBgT42N4pPPs1HJhxXIK,,
0koPE9U3b5XYArKa7R2TLm,,
1ul8iLt2WnFe2UIyovjg7q,,
2KbikmQKGiUPR2ARs1h0sq,,
0PYPjvZaOa7bsCq26JOX8d,,
04HqRx07Bv9gh7rsrMTqs7,,
2hiq2iBnUik3mrOfEgRSpB,,
2tndYCXQneCV4jtoWRwVpz,,
77yY2QmM6bYvjJ3y5L2R0v,,
4Ue6MAZqz18NlaOQomRXLU,,
7oWSqrgMuIEyH9qp5nu2e5,,
3U5Oag04Yl2WnvPULOlsMD,,
6VyttZwyEMGBl90oGdKCB8,,
4iCzh7b2cLbHVsPOwhr8W0,,
4LwRgSkj7AJJTKLnEaHjMv,,
1SXhEXzOTF7YeuQX59m7pT,,
0jdNdfi4vAuVi7a6cPDFBM,Lazza,
2KX2VLr3Eu6sn6EtxzCtvf,,
5yaF4LUw7ON1RmE4O8Q03C,,
3fyhhXHbGVLuSHFk2SYx4I,,
4nZmMrwH6LxHnCzQv4IFUE,,
2jpQ0ywffgVHhZFQNWaWYW,,
6sLwRSXSUF5JTUnQaFenyj,,
0jEyGu5QKLxQ2tIZVnRbfE,,
4CA8PTrbq1l5IgyvBA2JSV,,
67ghKnycRX6VM1xfqJSMlH,,
7zGcGkMtgpbkCKljWto3NQ,,
4sckAX4qa0JfZX3QUDn8Ia,,
51XrH5fQP2oIQynuKxSWcW,,
1CbQrKvCpEnekM3QMGJtXK,,
55kkrbuMkdzPGD7YGA6xrJ,,
1k3zqz5SgrYCE0wpcfJX3g,,
3vzJueN7TkCtYpz1myVmDU,,
0U3b0BjITtQHwjwBVtiGcO,,
5mYakBbBzPMQTfkVMIgiDM,,
71Dhj822M1LGpuryPIV2KO,,
5H5W5vmpQSBmQv1uMVor61,,
2tZbAzQxbp2fvMbVR9glOT,,
0MlMFTEEEk0uSwI4hYSxrq,,
5vAOhgLzO7xatvz91qVCRB,,
6fl8jja87qwwDRUamyYlMM,,
53EHeXzGs4HheTCTnwfPEr,,
4bODqflR0Wo3i3fCwwCIPq,,
0b1sIQumIAsNbqAoIClSpy,,
0E02VcvA5p1ndkLdqWD5JB,,
6q87vizIEdEN4NvlR6mjfT,,
06QVnTCdjs4jPKO0487EGV,,
3JsHnjpbhX4SnySpvpa9DK,,
2yMN0IP20GOaN6q0p0zL5k,,
2XHTklRsNMOOQT56Zm3WS4,,
1qma7XhwZotCAucL7NHVLY,,
4W91bbPB2CTSsHwt7eqNl7,,
5NS0854TqZQVoRmJKSWtFZ,,
2FgHPfRprDaylrSRVf1UlN,,
7FZj349hdLfD6qzXkJLuAh,,
7JoWcJHDOG58JYTe6d400S,,
6PUZZX4GCzeFS0GaDWxVwz,,
6ZZ2DeepA3GpoGU4KwqSlU,,
2QcZxAgcs2I1q7CtCkl6MI,,
597XBqZtaiZC7laCNx3nVz,,
7HwzlRPa9Ad0I8rK0FPzzK,,
1kwzW1IszUiq4Gs9BFesvW,,
1tZ99AnqyjgrmPwLfGU5eo,,
69BUYvpG9MbjCyIZfsFdhJ,,
4eYnorQRhVHT2KBl2UyHHd,,
1AM52XHXnWAEqnQwpxTLWm,,
2YWOP324cKGfkTo2PydgJR,,
58MLl9nC29IXbE4nEtuoP2,,
1FbygZnWsyUjzjTGLhWVlO,,
3CQIn7N5CuRDP8wEI7FiDA,,
08lN7bm4Etec8ETFxaTUmq,,
5NipqMGsY4AUeb7kGT8aVz,,
7yCGrS6Xh3UngvY6Ad5sMJ,,
2hPgGN4uhvXAxiXQBIXOmE,,
01m2XZ7m7rAz6KY3scTdaV,,
7gRhy3MIPHQo5CXYfWaw9I,,
0fdpJLsenUo15X3dPPWJSR,,
3PWp9R5HvbQgxI5KBx5kVd,,
2z20q6EEfm6w6PiIKsgtb3,,
1EfwyuCzDQpCslZc8C9gkG,,
0Y8KmFkKOgJybpVobn1onU,,
5UJ2sHO2ELrgW6aXeRLTQQ,,
0cbL6CYnRqpAxf1evwUVQD,,
6pNgnvzBa6Bthsv8SrZJYl,,
0ciTdf9bGl9L3JM1Z0nLCT,,
6DvlemMOlMH6VD9tB7BPRf,Tom MacDonald,
5YNi3BopLa4XtYRtzML80L,,
4sg4no0TXdsrM1s4SVUwNF,,
5ksRONqssB7BR161NTtJAm,,
1yq2JzsqbzFbJ1B7wGOXLc,,
2OIWxN9xUhgUHkeUCWCaNs,,
4uJNQGa3L2frXDxwgouTIw,,
6NyJIFHAePjHR1pFxwisqz,,
6q1sTU51oryTTcWTPTd0VC,,
5H5W5vmpQSBmQv1uMVor61,,
2tZbAzQxbp2fvMbVR9glOT,,
0MlMFTEEEk0uSwI4hYSxrq,,
5vAOhgLzO7xatvz91qVCRB,,
6fl8jja87qwwDRUamyYlMM,,
53EHeXzGs4HheTCTnwfPEr,,
4bODqflR0Wo3i3fCwwCIPq,,
0b1sIQumIAsNbqAoIClSpy,,
0E02VcvA5p1ndkLdqWD5JB,,
6q87vizIEdEN4NvlR6mjfT,,
06QVnTCdjs4jPKO0487EGV,,
3JsHnjpbhX4SnySpvpa9DK,,
2yMN0IP20GOaN6q0p0zL5k,,
2XHTklRsNMOOQT56Zm3WS4,,
5H5W5vmpQSBmQv1uMVor61,,
2tZbAzQxbp2fvMbVR9glOT,,
5H5W5vmpQSBmQv1uMVor61,,
2tZbAzQxbp2fvMbVR9glOT,,
0MlMFTEEEk0uSwI4hYSxrq,,
5vAOhgLzO7xatvz91qVCRB,,
6fl8jja87qwwDRUamyYlMM,,
53EHeXzGs4HheTCTnwfPEr,,
4bODqflR0Wo3i3fCwwCIPq,,
0b1sIQumIAsNbqAoIClSpy,,
0E02VcvA5p1ndkLdqWD5JB,,
6q87vizIEdEN4NvlR6mjfT,,
06QVnTCdjs4jPKO0487EGV,,
3JsHnjpbhX4SnySpvpa9DK,,
2yMN0IP20GOaN6q0p0zL5k,,
2XHTklRsNMOOQT56Zm3WS4,,
1qma7XhwZotCAucL7NHVLY,,
4W91bbPB2CTSsHwt7eqNl7,,
5NS0854TqZQVoRmJKSWtFZ,,
2FgHPfRprDaylrSRVf1UlN,,
7FZj349hdLfD6qzXkJLuAh,,
7JoWcJHDOG58JYTe6d400S,,
6PUZZX4GCzeFS0GaDWxVwz,,
6ZZ2DeepA3GpoGU4KwqSlU,,
2QcZxAgcs2I1q7CtCkl6MI,,
597XBqZtaiZC7laCNx3nVz,,
7HwzlRPa9Ad0I8rK0FPzzK,,
1kwzW1IszUiq4Gs9BFesvW,,
1tZ99AnqyjgrmPwLfGU5eo,,
69BUYvpG9MbjCyIZfsFdhJ,,
4eYnorQRhVHT2KBl2UyHHd,,
1AM52XHXnWAEqnQwpxTLWm,,
2YWOP324cKGfkTo2PydgJR,,
58MLl9nC29IXbE4nEtuoP2,,
1FbygZnWsyUjzjTGLhWVlO,,
3CQIn7N5CuRDP8wEI7FiDA,,
08lN7bm4Etec8ETFxaTUmq,,
5NipqMGsY4AUeb7kGT8aVz,,
7yCGrS6Xh3UngvY6Ad5sMJ,,
2hPgGN4uhvXAxiXQBIXOmE,,
01m2XZ7m7rAz6KY3scTdaV,,
7gRhy3MIPHQo5CXYfWaw9I,,
2R21vXR83lH98kGeO99Y66,Anuel AA,
0fdpJLsenUo15X3dPPWJSR,,
3PWp9R5HvbQgxI5KBx5kVd,,
2z20q6EEfm6w6PiIKsgtb3,,
1EfwyuCzDQpCslZc8C9gkG,,
0Y8KmFkKOgJybpVobn1onU,,
5UJ2sHO2ELrgW6aXeRLTQQ,,
0cbL6CYnRqpAxf1evwUVQD,,
6pNgnvzBa6Bthsv8SrZJYl,,
0ciTdf9bGl9L3JM1Z0nLCT,,
5YNi3BopLa4XtYRtzML80L,,
4sg4no0TXdsrM1s4SVUwNF,,
5ksRONqssB7BR161NTtJAm,,
1yq2JzsqbzFbJ1B7wGOXLc,,
2OIWxN9xUhgUHkeUCWCaNs,,
4uJNQGa3L2frXDxwgouTIw,,
6NyJIFHAePjHR1pFxwisqz,,
6q1sTU51oryTTcWTPTd0VC,,
0hmUwzWBrPHpGWGrYH05c3,,
5tlNJfV9UIpgnbWmvUEFu7,,
5y9wg9qkGBl0n9v9RzaPKu,,
2TSslwx9J30KElgEr68sdv,,
29zsVzEH33dD5QqxeL8dvy,,
3hteYQFiMFbJY7wS0xDymP,,
0iFq8SzyZaaQ2Fn6CLDxqW,,
3S0tlB4fE7ChxI2pWz8Xip,,
6AgTAQt8XS6jRWi4sX7w49,Polo G,
2aoFQUeHD1U7pL098lRsDU,,
2Q9c6ETFOkDDTy53U7DIgr,,
5GIcOzVFTNnzArytjmTkW8,,
5vCOdeiQt9LyzdI87kt5Sh,,
7scapvSjZLSm0fBgqGM0Mn,,
7lCRuW6BSXGAsxuQV9lR0i,,
3PsyPWjsftbfeXGorZv4AM,,
28ie4NNTa2VW2QV4Zray8M,,
0BKx4UjPvXVGY15u0xFbbi,,
7uWyXPJ04ihdQdYGGw3xVV,,
5FhcqamaRFfpZb4VHV47fu,,
1kMVs324xI4K0tQrKqA4c4,,
7yeFMUrYTY5cAZx0GKXnti,,
3Op7D6tFVJCOHW6EAV0ck1,,
4VsbQvC84B8Z3IsBY1HLQy,,
2lrtGWxNXWjd0JzDLKXubI,,
7502fDxg339jvGV08Jd4R0,,
2KkO9uXHF9BVNJASjLekAc,,
4oxFgud0qa3A1tE6JFpFVp,,
3SCOuAxngTC1yGjKMcIPEd,,
3hvinNZRzTLoREmqFiKr1b,,
34LetYSjEuG2fBb4Z8PwPg,,
6m8itYST9ADjBIYevXSb1r,,
5U05AU34EcZ8pfohg2dicI,,
6CawoDDP1IZUSGl4wSJGC9,,
4hXT6A14n901v8DU5Of337,,
2tIP7SsRs7vjIcLrU85W8J,The Kid LAROI,
0DdDnziut7wOo6cAYWVZC5,,
3KtiWEUyKC5lgHedcN6y6C,,
1vkWdqcabQ1swciXipkLBj,,
1m7LSAMIB1BErIHYSOn32W,,
7jEEE187pVG6InOxn03oA5,,
6jBww4kwlSrjaNYP7AQPtX,,
73B9bjqS2Z5KLXNGqXf64m,,
3meJIgRw7YleJrmbpbJK6S,Die drei ???,
3v0QTRruILayLe5VsaYdvk,,
0DxPHf2flBAcV2SnZPg3SV,,
78sEozQOEJxzXegUuqRSgH,,
2iA56rE7fZUnD4GdsSUj3G,,
2h5Ha0ZiMFmOQD3iYcSXsy,,
6eXHRfK9Ad3IpMpSAqvcDf,,
0CqfkYr7CBuSySa4wUBChE,,
0QntOArZgiNHoemAzwJPu5,,
2X97ZAqRKRMYFIDqtvGgGc,,
4NEThNYJ3WyNcJWcmpjq88,,
0wHeZY93Ede0g1jXaWsiFS,,
6FtZhorjCMfkaVJ7kKdmq7,,
3Hvx3BM0K4FHBs9J3k8G6V,,
5wcXTMooUetMp8uUNqC03W,,
3eSn9mqkLzdmxzHJ9KDPmC,,
7M83IzPXGA4ClZJ5reW2Ro,,
1bdnGJxkbIIys5Jhk1T74v,,
396eHybVCEUr0PcED4yFga,,
4Al9wqYpl2Yi1XfUrDrZmS,,
1YwMnnHvnG64fJxYSVwmN6,,
1BElEHaU2xaZg7FOGsSird,,
1SnSPHBs8l5iAvoWF0aO05,,
3yTNaLgtCufxUYDsWa5MpA,,
5VJN4jB6PqqEg4kJiAj6Eu,,
4dSQICBjdUIp5iK6RRU2bY,,
6ObeGN1qTsep95QRNOfNc3,,
5r6AkaWwQMMkRBEaaM8AFS,,
16MuvcGp8AGlJiJGEOxuDp,,
0jRbAcpQhqQJWgtSRG6oYy,,
20wkVLutqVOYrc0kxFs7rA,Daniel Caesar,
2Xl8Eqgt8a9DsTohLDwZD3,,
5xkFVS6IwwgHEAaRzXc9U3,,
7bYFA0NlCuL55EJRgNpOZE,,
1JQLCxphQYlnbokiEvfB8o,,
48QXwJR3gYUBDRYbsJSUtA,,
1OB278sOZVSFx5vXqYha83,,
56xTxG4nQMAs1GW9kvn0uA,,
5BozIJTTNCufaZpjhy2der,,
5AUPJRWkYNsxRWihENePtH,,
0tcbedGX7n5UHrMhVsGmIU,,
6aQfrWHwAcuY8IYItbChZh,,
4GmUsPoD5r1hUi4O9bJ1Sl,,
3pUWmkSef9vJOPDViYGZ5L,,
6vWDO969PvNqNYHIOW5v0m,Beyoncé,
0NZtn1Kyq08alpHCTRf3dv,,
7374lH6kwx9uQATYQ9H3Cp,,
5OZXWMwDhlYBRvoOfcX0sk,,
2iK8weavvfS2xJCmzNzNE5,,
3yMmYEklQ7gLOZXEFNd3xr,,
10naVTwNjE50daQVrN0bXh,,
0XHiH53dHrvbwfjYM7en7I,,
1KYszkVzlhV3rAqmAcYIgd,,
3UwlejyX2b458azZ7eCnHb,,
4oa7ETNZH1ivfzFkCGVZlR,,
0mXTJETA4XUa12MmmXxZJh,,
2osoVujXgV0PA8lhqDKYFw,,
6EB8VE9f7Ut6NOgviN6gDW,,
3uCu2WgyG0Iw50ylOYDSpH,,
5VVN3xZw1i2qihfITZlvCZ,,
5kjGRHClVacSyllOUqU1S0,,
6VPRGmbZ0dupZrbwwEDRRw,,
3E6xrwgnVfYCrCs0ePERDz,Wisin,
1ZVoRDO29AlDXiMkRLMZSK,,
1HxJeLhIuegM3KgvPn8sTa,,
7opp16lU7VM3l2WBdGMYHP,,
2Htm0q72SjGSmsy8EOIhRG,,
16s0YTFcyjP4kgFwt7ktrY,,
4fwuXg6XQHfdlOdmw36OHa,,
6L5bLEtpxwd0KOdOr3gtW4,,
3bgsNtcf5d5h9jbQbohfBK,,
5VQCk9RiLwri99OgOT34kq,,
3aVB3VLnoAn6bKiHOEzHag,,
2ARH58Hit3yC6ziGdhma23,,
3hcs9uc56yIGFCSy9leWe7,Lil Durk,
3HyrDGPLI0c9Rd8luuO0zw,,
2ptKt4yP4mYRZmvi09JYyi,,
2Mu8h5sFkOziL0Rfn7FXIA,,
462yq5vpZnO172v3nK9ibv,,
6LNlfExL1VfbLmpkVfg4N9,,
72beYOeW2sb2yfcS4JsRvb,,
0CrGLmfVKzk9rAyiNb91ft,,
4j5KBTO4tk7up54ZirNGvK,,
1tqZaCwM57UFKjWoYwMLrw,,
6xQvQwZQQuq9R3TdPNbcR8,,
2ApaG60P4r0yhBoDCGD8YG,,
7pXu47GoqSYRajmBCjxdD6,,
7BMccF0hQFBpP6417k1OtQ,,
7CwiLiC1S8B69RMPxbDb6S,,
3luonLzvSOxdU8ytCaEIK8,,
19LIHDDSHBD5NyYHI3gpzB,,
1ctkBmvz80MGyi72Ix055S,,
0FEJqmeLRzsXj8hgcZaAyB,,
7dWYWUbO68rXJOcyA7SpJk,,
6vPXtLmNd3mW0dd1Rb9eQ9,,
04MtOUkmIDC4LAxDDBjrOY,,
0qc4X567Fs1DUbQ7bS2XSJ,,
2yQf6b8hxahZaT5dHlWaB1,,
2TjgzYcbTdsZjbT9OItIeB,,
6fcTRFpz0yH79qSKfof7lp,,
1rAv1GhTQ2rmG94p9lU3rB,,
4ogvuDRerGhZfSf7TtzHlr,,
7e1BNCygl2Gf7CX8LrByPv,,
4DYFVNKZ1uixa6SQTvzQwJ,,
2JSwnwAT1BupAQkhqcRCUw,,
5iDqEobZRSTiBSAk6jLp4A,,
0guw2RGoUqaWKpoCY5DzWY,,
5cM1PvItlR21WUyBnsdMcn,,
7FqkRutc4zWMrnEAUv3Xwd,,
2akNRvGNB400IDDUMr1PHW,,
5K0rbdBrs2tNXe5LeWMATT,,
1OZhgL2E9qx49PhVzWRcuf,,
6RPeBghYnSwGV6FOw7huuN,,
6AT27ojKlBuZToFIGwQZDc,,
5dHdCFMXwl9JofjKjS1MW0,,
13ab1LgQZ3tQOhkDRRYB8Y,,
1hM06YHQ635cZwwUbn7dpk,,
721o1Z0J6jQupyzLt9RnEk,,
325L7kby6bkG5qSXXAFEWM,,
6zEaCvF0CqEHs7kFyBkLHi,,
3cQA9WH8liZfeja1DxcDYE,,
2u7CP5T30c8ctenzXgEV1W,,
6gvVFtkTV4OCyQSCzGgU1h,,
3ddT1Q3KQAm1G7UcIfz5KJ,,
1BrFcFtIp3ZqvuI5C0VcK3,,
5JbQpbeFaKfuZVFzKwaawP,,
24Sxfn1uAoJmuR9N72drt9,,
2sf28o6euxEDpYkG9dMtuM,,
78TTCmh2koperK5NBn7DgR,,
6WOdPJmexxFINcKMkP2jMG,,
23fqKkggKUBHNkbKtXEls4,Kygo,
1VXE1xqGNlT9HG6TcjpQ9I,,
7ge3QfYPMTjDbMoVLuuIuJ,,
5ZYOlPpI9FZu2uIPkTB0UA,,
438nTuoZFCZCyBl33jE9dU,,
65AzRSW0jKSs0WtttEXrOw,,
7t5H3uQv0Zw6cQUnSTF5BB,,
220xv2aB3dsGxaJI1gGs7l,,
24eDfi2MSYo3A87hCcgpIL,,
6q7nMIVgGohQ14mSsq3F8t,,
3ASAxVN1hNoYfoMcIkzZWL,,
1nwjHzOUQZsNYX8xoWiGVC,,
1FCItwxfRieMGhR0eRxotU,,
0VitAFMCI2apQxKzDjg1PU,,
6o5sl0TGublDPXyMHdMq1E,,
51TXQniEQkYh89tfLjiuSy,,
4SsVbpTthjScTS7U2hmr1X,Arcangel,
7gWjOPetXNCBqlVe6axl8K,,
1I5eQkzyM8jCVZIM3k2bKL,,
6xeFne1rkxMhKSW3ipvkdV,,
2TzHIUhVpeeDxyJPpQfnV3,,
7fFfPSHnrplQpezV79CFYc,,
49faW2w8eguUIAG5c85KcD,,
2zfwez4uxbP8NcFy3kaNLF,,
5ZcXM1KFH6hhLoBIdgCnap,,
0n1kV1G3NQrfuLGJosIGxb,,
4uBD3fsHzb3IpOTGpicsbH,,
60pVmLS5zlt31OWk340O3U,,
3R6VoMjUANEP9wb7fRNXws,,
1tMWkquIkQtVD6vaZlDbSQ,,
57YFNq46Xx86nl7ETkd1Ei,,
2KXYAKQTxHuUHDtVgeGn6w,,
4WoSAKuoaPxrbwp3Y1PvKb,,
13ACz7DIictCpSYGglNTHs,,
5wV3FoaNbDB6X9INuQvs1K,,
77YvCBWe0tTLygpgSJsdOH,,
0kJMPTXq7h3ztpDukSx5iD,,
3JG79Z23wJN9Q5PTPpDAEV,,
7cSbcJTJBBSXDjRNR2qD61,,
1KYt3TMGpa1LtVi0m2A0F9,,
3sklFG9fuDAq3vbIZlkNH6,,
4A6cd63FWHbCLqk9mtGUZZ,,
6e5ygqf81ECK33tTPpbLLq,,
37ASGd4rWpHjuVonnYAN6S,,
44oMI9xI4kcCub3qbpYPdb,,
7iXYHQPYLQSz3b3hbPJpk3,,
5WqAC2eKe7UnQifadzN9r7,,
6gGJH7joTDx9M3xREiAq9U,,
2pG0eQLB8CbmmWWmjJi4yd,,
7qKxhFTGcJ7w7JEFGqqWwK,,
6bA2OonnJsG1tN9yClu2aC,,
2p8rLc4EurmlEyJq770JPl,,
1L4nOFaQKejFy75REi9BKh,,
0ikgHu560bYMZOOXFQnRLN,,
03PnQHlbH5nDDVX3hNg628,,
28ggYG0KtvHh00gq2BFMo8,,
7FMscVRC6dsjpDpgt1r4Hn,,
5zUSfxfP1NETZiaWt0Ui0a,,
5wEF5my54dE5vMMmSUz2q3,,
5Yi0y4bNdc04Oxk9l6nwXa,,
67wCYxOq4A1ohAs7jWYaOJ,,
4BbsSamQy6XSByO4O4Nymt,,
7J0JxtOPMKWufOraoIqjiH,,
0liH4Jfiz66Rqjz4DH3JZk,,
2ClAWj3iKUlyddnvR6faUP,,
53sIBaVjXQhfH89Vu6nEGh,,
7nlZWVZ0U8EVad0g71xiZt,,
6YqhcZlSE8ugUcmoHLw9gz,,
5vpWEdK9C28uOX8jjfRi1v,,
3T9Rn6sxhCylmpTyWCuu1f,,
14D0I0RYqvIorkPL2EWoQh,,
5sSzCxHtgL82pYDvx2QyEU,,
7yjRUA0Iz3VI4Kqa5oPJZK,,
30b9WulBM8sFuBo17nNq9c,,
1Fg19vpUJpAAPFjnKaVYVW,,
5meD8C7oGK5yUEY2T7ZZ7W,,
2ghByd8ucnRTWceSAnAZ0G,,
0jTDeBJQr3unrK29LklnAv,,
7q1aEytv83jXNECmyaMhgn,,
08yxJfM5RnFAjJvMJIFnvh,,
4CYeVo5iZbtYGBN4Isc3n6,,
3p7Bs02UWDt5ENoJeUGqaB,,
6evKD5JWJON3qPBJtUEmtY,,
6iBdV6h17D1kOnK9lFyWo3,,
1E4r4z7ivGUcSAnCbINJ9v,,
2P9JaCtpbQSuZOgvtPrUJ8,,
3EW0kQ1skZiK1NHg3Spt9J,,
1anyVhU62p31KFi8MEzkbf,Chance the Rapper,
5na1LmEmK2VzNLje9snJYW,,
29vPfjqj8X5ri4AJRt8wVM,,
2pjb5ffSoVTr5lRYQXlnPu,,
7kyIBL1EYouLqC8vw7IOui,,
1lYT0A0LV5DUfxr6doRP3d,,
0LIyZkH7LLbsA9T4YwUnEk,,
1f5GqyOPo0CkotzzRwviBu,,
4ywf1iH1ruKEcfpCgfJvyA,,
7sQ3Q6yYyg0SdpEezJN8UT,,
7wjeXCtRND2ZdKfMJFu6JC,,
7ltDVBr6mKbRvohxheJ9h1,ROSALÍA,
6extd4B6hl8VTmnlhpl2bY,,
4DWX7u8BV0vZIQSpJQQDWU,,
3nnQpaTvKb5jCQabZefACI,,
5dCvSnVduaFleCnyy98JMo,,
250b0Wlc5Vk0CoUsaCY84M,,
1VPmR4DJC1PlOtd0IADAO0,$uicideboy$,
7npqy7rgdX2D3yfVyWExKo,,
50NoVNy9GU1lCrDV8iGpyu,,
6QfFTZJHFSe9Xyes6DkAli,,
6SvFyXN6qzhw95Bj4HoevV,,
0ySFZq3Wd0SQUyJUzmJAeb,,
7ygNQCdpQWW7iSWAxDhvhI,,
2K5nCggbhSZ00YCYP5qkZS,,
0Cm90jv892OeEegB3ELmvN,,
2WoVwexZuODvclzULjPQtm,,
0Xf8oDAJYd2D0k3NLI19OV,,
0CIwCGmQMqHqiblnZlFia1,,
2hazSY4Ef3aB9ATXW7F5w3,,
3phVKYqeq84Ai91CHTQfNq,,
3shPgAzHMyRwWOkXeoWKeB,,
3Y10boYzeuFCJ4Qgp53w6o,,
0CBKUzrf6yGdTgxAQbUUHS,,
0dUyjgCyjfj5eMx6bX2TWf,,
1qAOsY7jv9GFTv4HoVof5P,,
76UCIJTB0jcJvBaL0CdIqx,,
0qpsFfOT3SmdGmnyV6rOhS,,
5ZsFI1h6hIdQRw2ti0hz81,ZAYN,
5GNSVtCq2hiXDx7jUA5Iou,,
387fj6TuPJ3y2H8ViAm6r0,,
645xd9cHiiLqqehoLzLMDR,,
6aCbXH85qN6xo54C7atSMx,,
2DORQjKJVYZMx9uu82UGtT,,
5J81VungUjSVHxlPpTI9KG,,
7k9T7lZlHjRAM1bb0r9Rm3,,
6OG9fZ1LKXyL0hShRmmnq1,,
6E9zde1CFsBtKI66OEHkk3,,
4bqKmu3kRUl6X7pTl1CuVs,,
6e3pZKXUxrPfnUPJ960Hd9,,
1bT7m67vi78r2oqvxrP3X5,,
19MVxKZZdPj2X0F8pi0OCT,,
6RF8hEdlUKoLPQOHmBbHiM,,
4VVEpEhC8NcR7AqNEds42U,,
2G8UkPZnQ8i78L8TfqP1X6,,
5Rj6rNR8zIlUUDCs1OyPmW,,
4fZ8AuVP6Y8mLmCoybfKpC,,
5sK8BsvyDl4TFA6KaBf8or,,
5RaQ9nmVGoTye2SI76x3yw,,
3KcZf8BFeFBtnGyOZmUggd,,
1OFOShsIbhy1l5x73yuVyB,,
2NJWI8byqTSqDaJRnqJY2z,,
0t9IVyFGzH79wIFfhEXddQ,,
7dlkBH23ERFXxuNoMHq94Y,,
00CsjN69YCczmdW0bDKaCC,,
3IpQziA6YwD53PQ5xbwgLF,,
6kQfGeicc9EiQMzAYX0f9U,,
6i1GVNJCyyssRwXmnaeEFH,,
2jPqqtZbK8JDXSz94QLpCX,,
4oPnjkJcLqOim9KJxvIYMz,,
5FsfZj0Mp6YwEWytuJUcWt,,
2FgZrgTMX6Sk0VNcOsEPmm,,
0WDJa0qnagyOnMaiD26wht,,
6cd3XfCAc3e596RQW8P94H,,
4cUkGQyhLFqKHBtL58HYVp,,
7o96HO2zrujyATtVsqGhh3,,
6EMoWayH9WulC8F8b6m3BH,,
0KPX4Ucy9dk82uj4GpKesn,Dalex,
4TH4BHy0LdBi3dpBW4P2UX,,
7DkseLyOZrdRjCuoWFtqFi,,
3wsYquQ9CiMlYG54BUR2ff,,
7C64wNX3howEFZjAYRKsfP,,
3eAOH2az3fQIfX2UAw0FfC,,
4Q3xLVaD2uBZGVxmCYuSkt,,
03GruNQP8X25PCoWzdvIGZ,,
19u3RGWKsjmbg9eI6zAiNp,,
2BUrzKAS9si1FCDjrTWNrl,,
3O5HD95HTEPgoPFOjAb7yV,,
22dFwJoRBV51ue5TGnC7Dt,,
2vJvM1hPBYqDoGBje0kRMd,,
3jpPlA4ASvE9TlObazOIee,,
1ZDu0fOcpCIjDwyl2cvk08,,
3gm9b6AeMf2eGQTLashkDt,,
6LXRvV2OAtXF7685fzh3mj,,
1Ek3VdZ8EPmcvgRIqnHlrF,,
5f5mH9BDkeyXmDbzevu38d,,
4WUGQykLBGFfsl0Qjl6TDM,,
6nd2oiKSu9ksEAMzpXjIyi,,
6fs2or0cKLEM2xohWq8SoX,,
7GDrXlpRrdG29o4n0pNR5D,,
3RTklnRcfHgkQJwFpgOq3t,,
3LvwPiJQJ0da0GurKMToV0,,
6zTbBugfNc95zo8ClFDhIn,,
6ARKr2ZoLf9TDoQiZarJMt,,
5C95YXNLyaqbZjhwXMjZ4r,,
5fNuYnFYyzsrVRtDcKPnxb,,
4MU4rC7z6JpqxqbHDqtz7H,,
6CTStccOisUTgXVrtCIANm,,
4hFBhdNVZZuVk5FYThUwaN,,
7FoxLMG7HePgQvwDfJj7VR,,
5lmSBamD6zMcpHPqPpwmwN,,
5AueQd01cgyqBRQ82ns5cd,,
36caCzfSrrL7a8Mvd1SuRr,,
2TWBei99x2tV70bdYbWdAf,,
1oMiDFyAgmIzw9ZBQYHOJI,,
7AcV1lk8Zrgo1691PDWEle,,
5bf6yYgHODBW5EreBZshpX,,
6HclTVD03WSY6GUpN16BkP,,
5wOlRsRt9ggoBDjjmhaF7x,,
0lQtBhjEJpoOroQS6fbWMc,,
3MDsnjqnEd5TJaYsuacX1I,,
1Bo8Afb2Qbjs4x6kJHyjle,,
1TtXnWcUs0FCkaZDPGYHdf,Darell,
2AdUWxNm17kkGZiPGuorth,,
6dO0RkhFhjMwLtLQqNgL8r,,
4NYa9HEvARX9LXU4LRoGny,,
5uWT1NONby2BqNCu42fdDc,,
7zNPHpOB4uBduLjmEZzzpy,,
3z9G13I73VCCZgf2j7i8q2,,
4oLeXFyACqeem2VImYeBFe,,
3ADyFy1orEwODaiHmRRMQp,,
4H6XYH7PhoJXhD45W93wkh,,
3y0d6ljlxup7X9hZKSdKbr,,
24Lqq3mnesl7IljSVFEBEO,,
5hdhHgpxyniooUiQVaPxQ0,Nio Garcia,
2qE27oPLBZS3en1r1DIzhe,,
0Kwf0zcciIFGLCKiqNcO6Q,,
1iBxtU5394iPOzmot1FDUD,,
1tM4ox3QsSpl3R2VwLjJ47,,
6Hpe3EZqFMWYtJ61D0GjSa,,
21WAvVROZ83oUvJwFTG2dH,,
4hK7sEnm0se5bqoI3Yb5o1,,
2zzpznMuhKlKlqh1ma7Sms,,
2LAqcqAQ8KPTsl1HBgBrqM,,
00CMSJdbf36zOzKB3z8JrR,,
4C7NcNb9V6lakzMGHQlm8i,,
3Xj8xqJUruJ2moKunjaf0d,,
5UUdxfBMwm0hLlLgnZtBFv,,
4XbnhifKeOnyfTsCInrQsX,,
5xJ9q1lHwa8AShRof94oIt,,
1E6arsXf5Fgsnv9YpSzjpE,,
4SmIb5onxiijhyC8BilFED,,
7mWMzxN6IAIQ1tfFFtAiQv,,
1SyKki7JI1AZNKwgNMkn25,,
7DCv5iEOfzc6EEe4GbFcOM,,
2iI5KWXLjw1tqLQsdjuo0e,,
7vMDKdgSZ2Scn4uzFdTDyZ,,
5Oy8zRNFImMUeoAxjbT7Bj,,
7w4eJ8Ku3TrjK2stIukfNK,,
0B4q2xObl8gjNPdq25pARK,,
7rYojRyXBLPrX6UWfnAkaC,,
2ViQDZcGGoxjPKGsSudBFx,,
0i427rmFO91za6EZmhbSCh,,
23LCsWJ5XxgErIKrzBJNfS,,
3PbxfXGwcCLn85zVQK1ulo,,
2dBS8Xu2YMVFGg4AeGpAyO,,
3TwsEkKhVhI8QZLZKu1ZFb,,
4HF14RSTZQcEafvfPCFEpI,,
1sDVuztNhGcetCLChkleDA,,
2kS0jWMkkFBL0mrl0VotD0,,
53iGNetIf91uZx4Jb54cgb,,
29aw5YCdIw2FEXYyAJZI8l,,
14T8NkbwXVZgbOvwnuGV89,,
0qTZZWLzuD59Un5r1speHm,,
4maKTxhTIDEnWKra7wEIMR,,
6zZrFenNe3YPttxZsnQQs1,,
3uHUKCspaCzAab9A3LlGAr,,
6o7TsOGOEF5Mqpiz2KCyWE,,
2mvVgc0UMgFwXGktcNmA6l,,
0n6sKrG0xKAf8xmdqeNGke,Los Legendarios,
5zaT4Qu9otu6z4oyWjRqM2,,
5pZE9tgrhmIGWAsJZ7YxNK,,
7352aRY2mqSxBZwzUb6LmA,,
3MM8mtgFzaEJsqbjZBSsHJ,,
4HHdjvdn30koo54zQ6QeF5,,
6OpOg5HVCc8xVf7OVrd5Fk,,
1f6CQnTy4FKDgLGzp6G2Wd,,
4b3MWJACM6T1QwGKoFe7pp,,
35sCXuy5gN6Or69rZ9vqBs,,
0TF2NxkJZPQoX1H53rEFM1,,
3cNwyF5SboOs9icz2XyotE,,
5NMwoStnfHT4LdETlJSwDT,,
64mPnRMMeudAet0E62ypkx,,
2Z7UcsdweVlRbAk5wH5fsf,,
4hf3caW9H8uFwwbv5pFjcg,,
77Gf2HJPvVREGVNEV8goPZ,,
0rG0AZBscc8S8q1ahIsasI,,
2usAJ9Mtrw570XlQ5MHJek,,
25MkkfEousyfp2eyh38FUl,,
4UxLFBvSr4xMDpHe1lrLrH,,
23xJQJM7peht77DF6YNEoq,,
0tMFcqLXhtm1Gep20iuIR3,,
5he1UTofdFOcdbKqnLixko,,
1pvmXh50KezixmCHnp9XvV,,
1Z8ODXyhEBi3WynYw0Rya6,,
6ZhjJOJXXwnPS8PrXdmjLw,,
45a6gCQWq61lIUDmr1tKuO,,
5FAAR1LqXQp0HbgVfQ8ZWE,,
7a3g8JUF8iipgP1BCEsm4I,,
05xSLrRgGwm2nCH2SmnNMW,,
5fKc00Wh60ggl0QptZ2aBx,,
3utxjLheHaVEd9bPjQRsy8,,
1vb1XqzyNMQ16BqbxRz5BV,,
1MkxiXtweBbWGY6WFWdiMx,,
2wYOpkTJZGByNEOjEnSmoW,,
1r9DuPTHiQ7hnRRZ99B8nL,,
1kmpkcYbuaZ8tnFejLzkj2,,
2QDHxmDObOuv9MCeBYiFtq,,
0YqeL4iGLLNiwRXZvew1TM,,
1i2sOJlmgkWrWx28rB17Bd,,
7KAGJwWQQui8b0uqwXRkSr,,
3G3Gdm0ZRAOxLrbyjfhii5,,
7tmTvmqgTBcX88ZrSHByrD,,
7dH8w9flSy9w81ilr0xXWe,,
1zNqDE7qDGCsyzJwohVaoX,Anne-Marie,
0QrowybipCKUDnq5y10PD2,,
4IZLJdhHCqAvT4pjn8TLH5,,
1WDkNp8Duv9QhO246S4dDa,,
1zVxAFV8uL5V816dzdHvYQ,,
4zvO09rVUIVTeALhs6xLoB,,
1sjw4xq2pAWy5Vdgba5QAt,,
6fMZytDgX1Q9OV6ndSugym,,
1c4rxrxy8eDLvMVL1DTiBe,,
3PDFGpPl4ienSn5Vwisfrh,,
3txlfIcKCNrKk5bJw1er3R,,
5DIi2JWfQPTKffaVBlIYRn,,
3w4VAlllkAWI6m0AV0Gn6a,,
5wUO3A6DT4tO5UDz21kE2Y,,
03fLoIOO015incUitpfkad,,
0slVGXBggrLglTLNKbeEyW,,
2FDaBZt51fOXh2rbHL8Afr,,
48Fq6GV3S6on56TxSBu5NO,,
3RTzAwFprBqiskp550eSJX,,
4WbHbolEKZIhnkO2xv2Lm0,,
0lFLP59V4TY3XgnrkFIwxK,,
6LQYtKNp3ZsJ9xOzVVUj5j,,
6Mm2g25BTeJ6BICPFWGkPg,,
0ceH34CATvfgphxnLRWFkm,,
5pdyjBIaY5o1yOyexGIUc6,,
5yDkaiPTFbHGWCMXAEBt5Q,,
2to8xMgnoxHCXPF7eWJPvg,,
5fOzKeaM5PmZ2BcKKAtFeq,,
0t84CBqmvihsUVFme33TLd,,
0pg0Zm8FsGAYy5kdHuBnSo,,
4z93wkjfGntA0XFqnv4wj7,,
7l8dcABCTyZKrkskt53Z2u,,
4RbUYWWjEBb4umwqakOEd3,,
1rTUwYS38LkQTlT2fhikch,,
43yekIowVCHkR6TGGg9gSp,,
5Jz9kKRnCRLTodCH58MyB4,,
5RHWqLCNmcKFDME3G7sxiJ,,
6IP4VnqS1pOiQcPVP4zx0H,,
7IeovKzVkfcG9mIJGNzTcT,,
0ABk515kENDyATUdpCKVfW,,
0pOruKWwgyqSLZhn4Xovs9,,
5wo7dlNLNdFmaaU7NTtdoT,,
4xd7mLI7urqrxELaXhAvzw,,
6LWehyU6oi1UVgwp2PhVEZ,,
1GlMjIezcLwV3OFlX0uXOv,,
6cC67GpmPCjQjOYLpmOGhN,,
0kh9Gvy9lGZsq84x7I37DC,,
0qO3t2MHM5NIEJ5fw9VndY,,
2T4kh33TYdnDesvlQyRst8,,
6xErgeZYatiaQ36SB5bvi8,,
3PtEOX0PJSh7ndOL4tP0NR,,
2d7AMvzFwh5wUTuqQl3BAE,,
1E8w172gkuT5htpwaIEsEl,,
3vkFU3DBYyYBSUt323pj76,,
73Msd8rknjBghcGQiZ1mgh,,
2vhrwzjf9H3icunkVFi9tq,,
4TS37lr3ZraUxBHS727sEp,,
0SmgVe3giVHaJjGmIz8xA4,,
2hBfmHHnM4dS4pJgEJENCg,,
4ShgdWtm52xvEr8uYmT0V6,,
0OEYE03fBF2VoTBxGuaUxL,,
7nVgP0ISalazUzugR7D8zk,,
7k6KVFItaU7pcBvL6poIi9,,
5bxbPQo0VkFgZKemF0YKb4,,
6dXL3SnQlCGX9LCUAyin6a,,
3n51Vz9Zb9aFmoXmXZ50El,,
13iQ9ZfyvF0fJPpT9uVzfi,,
56DDzGJXY0xndL9wu9aHUD,,
1oxn6cQ37twQ7yGnlE3ETd,,
0QqmgpgI0C1DyyDk49vnxY,,
7I2JG3CcPawkeQPE7uypHJ,,
1U0pXcl8GZlZ48jTgnpGHl,,
5FF8xJSW4qUVU8bk79KYLT,,
38SWPOPO1YqxUPnT4AAoID,,
0zoMmzmyi8N8LwzhyXPvtk,,
0JHx4h8GAtjhmHMQ68iQiU,,
5ZD4VhNTUEnEBTlWQPeyzq,,
5Nf5yishRW9Ye174sJISkg,,
60JjUCBeLsuJ95WFvqFiFz,,
0PLUhcaPtfTkL6ckBw0btt,,
4TkCMPznXOjlsYLfzIU1rw,,
07vycW8ICLf5hKb22PFWXw,,
1SKeSGQ3LMHYCEgqFGvJbE,,
3tTvSeZiFDP3CY5EdPGcR4,,
3NpG6SsHaQETkdQVZH6V1E,,
5yCkSShz4MTqE4Lp6fVZMz,,
2UwDJeoMqYers5Jmm75zm2,,
3gIWD9hK0VEhgsSrLu19PU,,
1yLIaxyVkZnLMXhfRSYEjV,,
5Hx084y0lkukp4MHLFmj3S,,
1qIRoGEKXINqrCx5N1engi,,
3iiABQlNuezpR3DcrlyPoA,,
1GbrJTB56Xs4XQGlmVbaCf,,
3qndygm4Vx7bEW8tNyDKSY,,
5J32qSlWzKCdcL31B8wglv,,
4s6Xg38sbqh4xpf4OqhVUK,,
2tfWguHr2nj4e8KXLKciVq,,
6jPriOYMyUL9kNonBI1CNd,,
3hz57XL7wSiPMO9g3k1CW6,,
2YkP9pfIZ6hJKeuppuz8qT,,
1VeNLxolTVovUG1ROeumVp,,
3xeIqGEgOD8QQstyUXSz4J,,
4rc8nzClXj7sUjvsHVg6AD,,
0HCAzT0cSCpiNje7AcAQaD,,
7Ir0wjCeuhkHUyPAfNJi2X,,
1gs79u8PKkWAW1yfymbkTt,,
1GjWNGbMtHDQ7CNYf2d7cw,,
4QZjx3AfLqJhGYkmWAEUm7,,
3MyB0MyKec3Jq0AH2llk7v,,
7FGjkq9WfrRmBFL64ST0p9,,
6ONwLtT6vOzlO3pfZNAOMw,,
5pmXkV6A8yQdoa64xzvZ0S,,
55dz39BSDTWYbBFVZRj72b,,
2wWBoQpcybsDVpouFubTqZ,,
33JQK4UoS2aMPYBfdB5Ftt,,
0PS6tNISpLo5tFSH06JA5h,,
5HQzBHnczgis11u7lSLVbt,,
6NFRBhq9SmNn1FAiRs9AEf,,
1kyy6AW7C6Rr2jrYwz95Gi,,
27DGFhdWUeudNFbPJROkWF,,
60d7XKY1qqY5cPnXOCVvo6,,
6djeIA7Gl9v9gvnpRc1eIF,,
72iDlGYfVrntfpKzmAv0Hn,,
0u6hC9vldLdqrv74BWRxkP,,
759h9uEwoHm8KKq1pGI9RH,,
3aAX2y0amckZ7WcWoz2f2o,,
2jLE4BoXHriQ96JagEtiDP,,
0f6Q3bpuXN7TfNxeJJBd3m,,
23ot0eI6ByBW6LrlBfr2bm,,
656ibQgcoUQrUPdhQWRcI3,,
0zJa53LLSg4TcZ5Lm4zFB8,,
0tquhVod10o2zf1ht2aVoz,,
4vv1FFVqxnHyQFLmWxjizb,,
2z92TjllsDfZLyBjp0SDuq,,
19z3Is8jPDFmLphrQ2w2Du,,
5xOvrnVpLjzfGi69GDlzQY,,
7i5nEmcVfMqh6hm0wVadrw,,
5aCO7p9hAgkL2C6TCr93v5,,
1pNP4idjNnhPXDLi0Jz12R,,
5fnKsV4JHpqMoKyhKjQmj6,,
3NP2Tqcgz3vv8e40BfnYm3,,
0AbIvXTygTdmCgu0r6Mq2G,,
5icwIVKIEdJwzeHjQ6XYJG,,
1l6UgL5G16tId4qoYH8qJn,,
25el1xg2MdevW9TJbuNMRI,,
1amitm7OGgCQZNowYB9nvd,,
2k3KWBwq5kOQ0nyH33Wu2a,,
1nNEk01Xrm5meZG6zclZoh,,
46cVq2dwPgzPE3X1VR9TMj,,
30qVSJGhPhrZLKG0H9DMA9,,
5mmEMfYChd6MImBagU7zCs,,
4525TiJDbBD4mZJ7EZArT0,,
4CuMwzDzEdlUJMEna38VQ0,,
2UqRkW2wfEkZmyvKyTTv2W,,
0UEP2XBR9aC5NBKcAKnBIq,,
28ztjHIXceRRntmTUfnmUX,,
7GgAwYJnBBFT1WogNWf0oj,,
2sN4fSzAm2rAL0HIurPCEM,,
0pnd3MP2rxAzljR9AqXUJB,,
2ZjWbNQAjL74Pf4aqikIz2,,
7JDSHlDdVTo7aZKdQZ53Vf,,
6djNDzSg08mnh2Ayoh6Ovn,,
62zLrboqOTPyozwi721CVy,,
235Vf4hkmwvxjVEMuCbRxm,,
2Js5EdWOVgL2B2CbtXr5n1,,
4BmWSGKG6HiYvLuJvZ9afa,,
4iudEcmuPlYNdbP3e1bdn1,,
1Hu58yHg2CXNfDhlPd7Tdd,,
1IAEef07H0fd9aA8aUHUlL,,
0g9vAlRPK9Gt3FKCekk4TW,,
6J7rw7NELJUCThPbAfyLIE,,
19HiWVd2g0XyJstBsbW2Qm,,
3oNy8cjBtJzLC07I70sklp,,
12VaqyEhgwDRuFfEqbnrpz,,
224CDJhbm230iSo9ZomTWe,,
6X9aYHnQ75YI8o08aoa0iS,,
78nr1pVnDR7qZH6QbVMYZf,,
6WvDtNFHOWHfiNy8NVHujT,,
4sD9znwiVFx9cgRPZ42aQ1,,
4VgvR7eu3k2T20mo6mXhXF,,
1yIifIA91WgmfzBcjbQB8i,,
0ssx5sZQzc1nZZF2Ks8qXZ,,
168dgYui7ExaU612eooDF1,,
1cfG7UM0OD4O1II1nd15Qo,,
4v6XOdonnfpdTKTRJArG7v,,
4wyNyxs74Ux8UIDopNjIai,,
05mFGgWzooDQMWGNcNsM05,,
5RADpgYLOuS2ZxDq7ggYYH,,
5L6QAKAkdJIPLsNbItZ2KF,,
4TjXA854eWs8P5EBgCbQmv,,
6WkUZyqghQei2G809wMKuZ,,
1YZEoYFXx4AxVv13OiOPvZ,,
6jwzGu5VdkR5tsRROYuxso,,
2C2sVVXanbOpymYBMpsi89,,
6VCoG3MG7ZKRxDjaYOvtrF,,
1QvyquqkuuwUzdszyoKIy4,,
3XkJyJgJDxnjdQgH0zfT8K,,
0xByDfltDVpk6LDsUMHyI2,,
4BFn4jmfqSNaHtPWHTcy41,,
6e7QpHYqEiyJGiM98IysLa,,
6XFQvBHGEr3mRfOHcqPXv8,,
2byU53ebtTxcAnIRE814Ts,,
3OFZZxPrO2uYjDVglqTwEr,,
7GgpsUpkj3olseoaTY7TEY,,
7mUBMaZW1MXGswaneb0JTT,,
072QZuLtCqlAesYnOGY7lN,,
0Pl4c5YACE9Hwq4l48d9kv,,
7wiOKrtPg196Hh90CdoKPi,,
31KykqmaPRWmV8PMHgWdE3,,
3mXI2gpwWnNO9qbQG3n3EP,,
5sgcRRQA3HrL1AVk6oMUeg,,
6w9ToX5slZ4uIdmD17hJ3c,Bryant Myers,
4wyNyxs74Ux8UIDopNjIai,,
05mFGgWzooDQMWGNcNsM05,,
5RADpgYLOuS2ZxDq7ggYYH,,
5L6QAKAkdJIPLsNbItZ2KF,,
4TjXA854eWs8P5EBgCbQmv,,
6WkUZyqghQei2G809wMKuZ,,
1YZEoYFXx4AxVv13OiOPvZ,,
6jwzGu5VdkR5tsRROYuxso,,
2C2sVVXanbOpymYBMpsi89,,
6VCoG3MG7ZKRxDjaYOvtrF,,
1QvyquqkuuwUzdszyoKIy4,,
3XkJyJgJDxnjdQgH0zfT8K,,
0xByDfltDVpk6LDsUMHyI2,,
4BFn4jmfqSNaHtPWHTcy41,,
6e7QpHYqEiyJGiM98IysLa,,
6XFQvBHGEr3mRfOHcqPXv8,,
2byU53ebtTxcAnIRE814Ts,,
3OFZZxPrO2uYjDVglqTwEr,,
7GgpsUpkj3olseoaTY7TEY,,
7mUBMaZW1MXGswaneb0JTT,,
072QZuLtCqlAesYnOGY7lN,,
0Pl4c5YACE9Hwq4l48d9kv,,
7wiOKrtPg196Hh90CdoKPi,,
31KykqmaPRWmV8PMHgWdE3,,
3mXI2gpwWnNO9qbQG3n3EP,,
5sgcRRQA3HrL1AVk6oMUeg,,
6w9ToX5slZ4uIdmD17hJ3c,Bryant Myers,
4TzGOY9RpErzedN02w8Boh,,
0ffKEtMDnROKWyJtXUnLbJ,,
37GUqxafAvAKGMZbXCUnmr,,
3NR7hAacOhmcztWvD7vJfS,,
1XTGADISSMRf8B4TcVGYUC,,
3t4MHnVggiFLOuSSh4odBk,,
37UACiDcdzEYii0iU0QpAf,,
3rZBkgoRHG8M9jQL0QPNMi,,
6Te49r3A6f5BiIgBRxH7FH,Ninho,
1UdbiTrv73Dp7F0s3OHmn2,,
6NG0bF3tpQuQOixbzFPLIv,,
4XqfpACObRB5AsBcUYjL8X,,
3H7Ez7cwaYw4L3ELy4v3Lc,,
5Sjj30aHCmKcM9SdVX7PBK,,
7mLYMGXg84miYydKwi2aRi,,
11aa081aKYUzmeFm0yHdT2,,
3ZJxEmjYZd5VOqZ8o3aXiL,,
6LWyVEIBnx7MoRBhQxu9om,,
03EYBMnqSchCMp5D9qmFXi,,
0pSx3asj3usz5PRt8COo0E,,
7LgAW1ZiEd8f3HtCMGFaGx,,
7ALIMskSScecdJr78qvB9V,,
74V3dE1a51skRkdII8y2C6,,
0tdKRrbItnLj40yUFi23jx,,
1oHPSeQJBwNmpq0J52Wjn1,,
3tZdknQnzsVIIdaGCTj4RX,,
123hDJRbi4KtCdBaaKNHW6,,
1UjxAZqzphB1tsMb1aWBj0,,
6bGOmNBU1AOgttgOjh0ldf,,
4SgKWjM7cJDCh2aY9H4HZf,,
2jp3Fk52x0HbymU0lNYbSC,,
3Th60WEZwIWceINQVE4Ipx,,
1uRxRKC7d9zwYGSRflTKDR,,
0iVHnv2bQN5iee8J6iCVO4,,
5EDztvTkyoKtK0ZdEdhOFx,,
1adGvsK8A0XG2D18ufk7fZ,,
5aHKxMwIrPVwy4m6FTOiXK,,
6f4srX54JFrLNK4aTJe2Sc,,
7zY0DMisq1oYXvNNgGwHBY,,
3tMTXQyRrPmMyHv5SoC0TV,,
2HkSsS8O2U2gPhnCGVN5vn,,
4K9OTkRXEFL6NDXFTqVmq9,,
3l0CmX0FuQjFxr8SK7Vqag,Clairo,
2h5IzYxNFBtXa3PsnV370c,,
0pWwt5vGNzezEhfAcc420Y,,
5tQMB0cuNXdCtzovGt55uD,,
33r8rPgsHXfVN1r3adlrWw,,
2a727ekkPaUHk0bMifk7fj,,
1grN0519h2zYqpRtYbDZAl,,
6jy0VQ5tLwEKBeMxZ1aK4J,,
2f7f3AmL16mmiAmYnxmmfx,,
28yVvEvA2lT3K5RNIhV1Dj,,
6n4UZ6Nju0cFj8VSoYCN6L,,
2gLxI7MomgJVmIADX9RZUp,,
3Mnrb43jb3hiASpyCvaZpy,,
61fZH5SxVJDnFnocMMPwCF,,
0zfvfy9XlborSqXNRhi8Bk,,
2qn4hIXsvRUyFoboMi31XB,,
5nwjcZ87CGNRiO98nFKdOD,,
587PA35pRGL1JwQr6idJbb,,
2snm3HmsnDUDxbIChdl2Oj,,
64DvMieEUCdrYKmEIhDt8G,,
3BjFX1nExMNHvSaoLd1I1k,,
37mqXU98U5GmH5ZDtlHM1c,,
2oQX8QiMXOyuqbcZEFsZfm,El Alfa,
0ZcwFNId7ySqDJyhXfKIav,,
0dNyaMJp0r9zBYG86JgRDI,,
4OtcoXGM3abQUnErfCczaj,,
3cVhAgZoWxAabcnNdpQXHZ,,
1oKdM70mJD8VvDOTKeS8t1,,
3pMYJHAY5ErzmJQVWb8VX6,,
0NT8fqhPoKJrd038u1Qumz,,
4nzfncntC1DiwIFMARUT2w,,
40HzN0eLAMZk4nTHMk9sUA,,
3dkW1L7GIhispeiHo9uzM8,,
54CixfaGAPcjkP7Dx5PjvV,,
6hkKbkZGvAXuvle2FhCnxy,,
2s1fodCLf7tb0bogSUNBqY,,
6BMQo3hxi4qwLiZpHKK5iL,,
3MG0nEhYET2TCkegY1QBP6,,
4c4seBofkiiONBxLBd4CUa,,
5D7x9esAF6twPxuOqSMkeO,,
6VlPp1wb53ANKMIwZPJfM0,,
5mFMTcmSFaMIkmHvXZUrVZ,,
4LAz9VRX8Nat9kvIzgkg2v,,
4XW87HXcsYTkdK7IhSy2Kt,,
0o1hCS1PDOc1UtVrcXB9s8,,
59FRAcMcsHQupc8lupy5uH,,
5schXx0Ys4N52iU7On2j4c,,
4ktBrNjagCGftyuBLJkATq,,
3FEd0qHPFOgcpfw7bCXB4x,,
0VbIlorLz3I5SEtIsc5vAr,,
0vbfrsbTQsxmBTrvtZTFB4,,
2q6Gq9jlgpNEWgOzRZELQP,,
1k4TqhNyFrsMTjyaFwSXpu,,
3tlXnStJ1fFhdScmQeLpuG,Brent Faiyaz,
0Jk0TeNXrhhwOMmR2nNyZR,,
6ulkDr2Bnu7Qlbrs5iDOF1,,
1YdO9GJZicIofAYHnFZSwv,,
3O7oOXK7KPniAPEUorctsi,,
51HxUAjeZIOv4aniusaDkT,,
1BwDWgdDJe3TJXLZkBkpsI,,
2s0yxtiHiyGe6CY4mbDYFi,,
7rVV9d6vc4FLT752uRuk71,,
2IVvZIe3P9BMuCI6h48Bjg,,
5nEXLz5Qwkcv8d91fP4Cjo,,
5BFLLBEz1g8FcRjBLCVt3e,,
736JbivCkAkdLP9xOA3jLs,,
2LGU3PxihjIK5SUeCVcdFl,,
5E17eRqSfn08FsmvNCds0P,,
0cA0C4yBNRaN2EZsE2wT3Y,,
6xQDyC92UEZQCySBNTdkyx,,
4ABfGQhx7kTXCFbxvlLtlO,,
0QmdasntOdQpEwRd40wyp3,,
4CkENaPbZ3CSwB7kAbzTE1,,
0t1H6voah4Js1hbu2EPUqx,,
4tF37PbmfGwti71JKUI1pz,,
3ynBix87InXjEn5L9LsAWB,,
0sLb0ouettR8lDLnEgCSVK,,
44FnIf8PhG6EQRIoENsXu3,,
6Rk6tAhO16QKZZtYFrHMbm,,
6l15fzba4HWiYgbX7ji3NQ,,
5qQFXHDOeYjiZVrCUO56Pk,,
0K3HwnyYaxoQO9hZCBLtOH,,
7u0iN4XxPpkIk9KRcLQXDa,,
77iZVjeYoYSl5P0K9mIiUE,,
1T4HxOYolAEb5PadIVKdWZ,,
3Sb3oI3Xw7FcgYS262zXPE,,
0Y5Wgx4aNU8Jm4T9OxI22o,,
59SThek9uTINSehGNcgmsi,,
4B3aifxHtpcKHuNi12lmSt,,
4btBTQ1pWqpnDPY4BWMh1S,,
1Mh9G47YfuaLdQs44voLrQ,,
6HkzZenXCsrdGcqMgWJECN,,
5U2zidY0OdTB6P5axinwOZ,,
6J4e8oWHITp1msfeyZg66B,,
5FqTuN42w2zGw4Pzd50yaS,,
3OFZwEYEAKMEmUheZ8TKso,,
1OdSVLNaKmKCNUjJz9sRUh,,
78wZzI7u1cOjXKuYzqZI6l,,
2FT75iYuWmycqYrXbVD9cn,,
5JJc8is4VzgOz8ZanDj18J,,
0gQDOj4OisQbTq7FUEziea,,
0sKsn885C4hMXbWfhLKGy6,,
1B25oHGZdWQzQJCajIwA3a,,
5ewJHfiGNQJjmKHzLjcojz,,
6xNUn9epduXbZmCgsxutSx,,
0cCNT5RyWndpS7Zx7ISEDw,,
4F8sCo6B89AY6n1vuQv52j,,
4xklx5DAtVru5uf3vSXTgf,,
4S9LNSZusH3XflT3g32bqB,,
7FXX45sHqoQoCwqtG0ZV8H,,
0SzZQUkmQ2VPihJ7P64IGq,,
0QUBaF6Rtta4TTmxYYfzux,,
7M4y7qvcYja7RcXNCGrjeP,,
53UpeT3katrOaJmhSiRp2a,,
33JfM2NgTRFT9wMoQvcv6T,,
6c8akjSeJQw2NYemV6qVT8,,
3L2SIGZah4QZSvN4wC8rHl,,
5BG0gerrHZFHPaIEi43FHB,,
609WbZQzWLq2JBS8Qfl12S,,
25A5LqeSK0yH4ks5fGxbI2,,
04MWLHiBtM6bdSM1aRGJyy,,
23tKZAP5ocrXB7S57YB3N0,,
3t2iKODSDyzoDJw7AsD99u,Bibi Blocksberg,
6aiCKnIN68hohzU3ZzNq48,,
2Ooa3TrmlskyBftzenv6xQ,,
5RR0MLwcjc87wjSw2JYdwx,,
0DjAjUeZwSixK0dRwplBXb,,
3xU8YsNNkmWSPewlB18NUz,,
2JhAlkmukNvarUpGhTFXUQ,,
0AspLZGQkP38yddNoD0pLn,,
1lIbZfJvMQRqzhtCQsg5EI,,
4oVMLzAqW6qhRpZWt8fNw4,,
4bOZtegYNmYOe3gMgPtt0H,,
1ZTdxfZTeztyAgKUJVLxAI,,
5Xpg6PBSUOoho2lI9qLjiu,,
3wNylAjJX1PiCpMKx8Lrfp,,
1BYjhAClGpBTLZfics0VRZ,,
0mJDQBWytBhOh5JB1DOQ1c,,
1F2v33FQTavJyaD7ZsyhdA,,
7bvcQXJHkFiN1ppIN3q4fi,,
0JC6R3kbXUHe5QrxqzFwom,,
1DA8SLXtp8MMVpgaOWzMQr,,
6oO3QiWdVj5FZQwbdRtsRh,,
1ykothWH0xl8drRyJWuw7I,,
5rGrDvrLOV2VV8SCFVGWlj,Imanbek,
3mYFuz6iY7D9X78rOXg5CG,,
1XKjtpH5P81gpOXDB91IEB,,
6ohaQzKaXrobAL8paLSaxq,,
4HgF4KnohByNElYid7iCNb,,
4rXABp4A7KjG9elWFNAbO4,Miracle Tones,
01lZudgXsojt5TBHuygB8r,,
0oeUpvxWsC8bWS6SnpU8b9,,
08mjMUUjyTchMHCW7evc3R,,
2yK0OH7d55O2eZNcBTB19k,,
4q2SZIdLq6YTc9cZLCclWc,,
5v287QKYZ7Dyuw4CNzv89p,,
6Jrxnp0JgqmeUX1veU591p,,
5Wg2b4Mp42gicxEeDNawf7,A7S,
4l1cKWYW591xnwEGxpUg3J,,
41AbNVba2ccpmcc9QtOJE7,,
1VcbchGlIfo3Gylxc3F076,,
3famqI9bxiwLcAjRq3HuYl,,
4z6yrDz5GfKXkeQZjOaZdq,,
5GqnSMX8p2hxqsM6LqDty3,,
5kQGFREO5FzMBMsAO3cEtj,,
6UDhlW8uEVBBrqHS3RrKuv,,
4E9GScOUpq8PgyRhItXx7x,,
0aaYORc6Zmp1SCXhRRDwNW,,
2L54fWLv9EgJu76ELlfV2J,,
1yq9UuPp5DIb5w6eswGbKV,,
5Nq9MbzweBc5oL4WzsECx4,,
5tG5dl5mS2wB5w72YBpsyg,,
2IzxJqK9NbSIdw7rQVW03P,,
6DjBv6gyR1HLsvwGUOD5V9,,
796OSRuB0E9Hq55uTFL9U8,,
6pVmT18pd1QaofDegZUEKX,,
2qbEtwBVyobgpNP5KcHE9J,,
6rqlONGmPuP2wJVSfliLBI,,
096an3uS6ZaK2XySae6SqP,,
4eBTqTx5ssOK5YwmijmfU4,,
5Z5jUyiNvFaqp0EVyLNf0p,,
37ioGUZGhKk7VjWIocx8kM,,
7rTPCNINGzMp3Hc8Xqht5Z,,
4zbqGb99bANxJBsvwRr2zT,,
6Hf2g14O2TP25JUNZuvIgn,,
0ea0y5ZxnN5TbEDzNtx5Fk,,
2caOYPej26UoQOyFnzXW3G,,
4KXp3xtaz1wWXnu5u34eVX,,
5gspAQIAH8nJUrMYgXjCJ2,,
2rblp9fJo16ZPTcKDtlmKW,,
3QGKsAfhZdldQCLuLjk6zl,,
3aIDSTKS9yH745GUQBxDcS,,
7iZ5x5fwRwROoX3iRWpVgN,,
0Rrl4hJQjRAbGtiEwAqS5N,,
6VjbeCqoayiHYnefrisskv,,
6edGSAX5dVpeJVwu1Q0NwJ,,
2PLF4pjm6A5eztTVbt9ou4,,
2JEjaa7hWhE1BbL3OcoeFR,,
7GacyaFUp0qkEJglERX9N7,,
10oSboDn5ncLNjjFIgJXm6,,
1F30RWETubxDmbyfxeVPg7,,
6ZFv3wQwwWPiVDWhv0mjQK,,
6L3x3if9RVimruryD9LoFb,,
6xS5PpBWaVYraexEkEjjXv,,
40JMTpVRUw90SrN4pFA6Mz,,
6fNmOWQzfOVyHLQ2UqUQew,,
6v8MdMs2ByHLXUdWonWFPK,,
2IAZ2xX1Ovh5jxhBWE7wda,,
7sVQKNtdP2NylxMgbNOJMM,,
6cutt8thPFUICMfxaYerWd,,
7m9RH1V73dYjGv8RgGP39c,,
2cYbwKKlCOv5VaoU9DZwGA,,
2h9VgLswbVrXfdjW8UVqHC,,
33zLgL7tT1vg7eRpWYX5uI,,
6JMHws5haIO6V35YNYDnDw,,
72qVrKXRp9GeFQOesj0Pmv,,
1YK8JdPbiaMSnf4hrlBkGT,,
60nua3AsVSfADZtg5Hdz3W,,
6KyUat70qaniuiZq63HzFZ,,
4r880LQXdnpTflv3uqV4kX,,
6bwp9ObI8FWvMPCIWVBmhl,,
3qUMmh5biaB5hqpF4LqS3m,,
2MnMuRYL9qsGvWPsZGeDGQ,,
2ZQifdPOptKHxTaYTLh0BC,,
5rvaaWutd0gsbc2iMNo9k5,,
6sq1yF0OZEWA4xoXVKW1L9,Alejandro Fernández,
2rwLjVHS15sfzciKXXNbgA,,
4BBN286rBKyCWsSPq2cxYO,,
1pkDzgHvVqC17qYGKfLPpb,,
0Ol3Jol2T3lZZVLNNzWPhj,,
0l1OSQn6GtjfEE1Cb8LE1t,,
2IRfUbSEqoOzedNHXVD1Xb,,
3sW41aChSc5bBow0Folc1S,,
5iB5AWIa7qreioi0AF3Bxa,,
5JXhkyafynxCvxtov7C1PV,Bruno & Marrone,
4cG43cUBRJWWDsRh4SW48i,,
44nb9BaqV2jVvxKCaXHwlP,,
5nSAh3wlH7VaqpnkiMjzDs,,
4frHO7KPcfMjhnVdIMJ98c,,
2MVfNjocvNrE03cQuxpsWK,,
1ZChN8G1Y7CJ0TXbrvblwS,,
5rXtHvb8jMNgmSX7Khd77x,,
0yrzVTuk6PgF51NYgfgKXe,,
2e4uIDIIBXR0MmZe0AJGhR,,
0q0CTttRdwiuDFmDiN7jAt,,
6g641431O1Xkl7HAs2yFEg,,
6GEykX11lQqp92UVOQQCC7,,
1J1DiyVfll4d0cos64VSZb,,
2Nl6vz4KNIHQjyoOLTadCn,,
79N4S7UXdjo2fAh3OHJQuB,,
2UHBgxDvOBaIY7hQ8CEAmW,,
3AVx3OBPIk4pJQllAXoVs1,,
5AmZdY72O0NVE0XxWdMfxv,,
7pGyQZx9thVa8GxMBeXscB,,
5BhFZpE8kUGZJiKOsYjLQM,,
12vb80Km0Ew53ABfJOepVz,Ñengo Flow,
5TUXXyB6ZKCdd0vQx6yR2J,,
760kxYHN5QTrD1DehiimjB,,
7wHvox8DtmBBPpDFRVURv4,,
1KQJOTeIMbixtnSWY4sYs2,,
3gqabzO7zvHVzAIT0Nxqa3,,
4fCRFHEQgjqakvFgQCliMp,,
0ldU0QJm31y0d6f57R1G2A,,
7evlWm7RyagYqxSQN5E6UN,,
7oaSITFPadI3fnIxbv7hTa,,
2Dlvgi70UoJJicfKgoW5Vo,,
67e4k4hUdeTb0UIm878liJ,,
1MZ1TtfmzMHEYIlynXsr1a,,
67gqUXxHedeUGDTxwBzdjS,,
3Pkn59A7kZmnBHp7HBUcz5,,
61fqRzZ9aHyPeTdUIqEEFx,,
2GzZAv52VCMdVli7QzkteT,,
6aLoJJxz7MV2iZ423S8tJC,,
1HH5TlkjRt2FG8dpkWNm5j,,
4lR4w01uPOblBqpIAzuCzL,,
66ihevNkSYNzRAl44dx6jJ,Carin Leon,
4f0OXMMSxr0r8Ztx6CdpAl,,
07FfkbljNIdl45Ijlh1aXS,,
6rJ1GwtHin2BJbKLuNn9pi,,
5RdqZVi36tpDPYNPw8jJbO,,
0hk4xVujcyOr6USD95wcWb,,
5olrQpDroHT7sjmYWMLivy,,
4kq8z3vydHjPDggxb16ErB,,
1EJzWKVDeysgbyuZGfEFde,,
1eLxAzPSnsl03ajNNihddF,,
7dq8KEwf0kQXJhM79iwcPh,,
5iM4dDbBN6a4OqxKPuxgS6,,
5oERdzrfb6kmNMzPNINZib,,
4S8NmgM7oJ188sKp1waZpy,,
6xini6REf0CP8muuVvDa91,,
0lwRI7lvmlRY5DiA5Xa6wQ,,
4OYIkXBBN6ET96coWyWAXh,,
4IC2X34tZmHG3VfTbpzvwL,,
1aS5tqEs9ci5P9KD9tZWa6,Bonez MC,
1QeqGmpgU5Yg74GNcjIIq3,,
3f0GZTXzBCmd5IBiMfsh1H,,
6tekmZkCK5xHTIwWeqyr0i,,
2WvLeseDGPX1slhmxI59G3,,
4eZg2h2Qez5XuD6PQAqGie,,
5erZiBCKPxe9FaTiXHO00m,,
0oi7g8NUnlLh5tJvg2y5e3,,
141ww9EOPLPetF8mMt1gKF,,
6kBlEsdNeNW2qnmW56xDhx,,
5ikWl4mjoiFlLPvkFRZETq,,
2jXb8AWz82Sn3RRGOaia7a,,
295SPRt7YTtIPdYoMkkF7K,,
0x4xJCGDyTlKr47RF2WXzu,,
4ucIxjoWFS3n9KvguhTWpz,,
1sybJwRGo9WiiqcZLzzAbS,,
0ltU5V1lbLkZlgXrnCeGjx,,
1fZAAHNWdSM5gqbi9o5iEA,,
1jPeDHvfU5Knw8VyOP6TZN,,
08dD0frW9WYHRGVa40oILp,,
7Fu8GId2mQkNzqDbZbcDWM,,
6QtgPSJPSzcnn7dPZ4VINp,King Von,
4okEmrM2O6CEW6en3fRWUy,,
6dOnTTVTbQlFWF6yfD4Vw5,,
5kmRNFOl1XO1JHS76Zoe7j,,
4ykkRDXhReJHr41RrruDKo,,
7oIvDwKGV2SuH4HJl0CKPp,,
6b9DQDp0xKeYM2vdK9pAE6,,
3bDsGKWVVP8NdrqpiB0rEp,,
6a1uY4qTyJ5hXs0eOxRQnL,,
5g8mXUQcC8DVAHLwGGAIrJ,,
0fEj1fYIQwWj1bzzAto9rp,,
01y0qj3pkC0Fw07YLnKsvK,,
438DEJaM9KJdqbBUPnVYB0,,
1RP6w1culo2vykXGaiYdrQ,,
0g12RW7N9VQmkjkcQreys3,,
7BAaznGSsqcksud4R5ou5z,,
225l1KEprObX8xgl8xo2Gc,,
4QS6MMKct3F3LkN7cr6vHg,,
3P4VNQLuN1qQQnL8rMaIkL,,
3OtZV9aCZ6G004vjOQcf59,,
2uTXJwJ1Q9PA2ji51RWeQm,,
4SbuhLih8eWLmqFzzmM3AK,,
1ZFGYimyLnfKewOL84ABEp,,
5XGkLMcwitYFdwroktQs7o,,
1ZcIMjx9kP46pUdFOdjWKQ,,
1O7bUkov2v71fDS60GOfMD,,
3CneYb5exy4KOtvCCrozDD,,
2umMMEWa1tPnmK8lm8jd0d,,
5JgxqXmh1TrVDZn7gAgqLw,,
2cQr2KbzdRtIFlfbHGnNsL,,
34dZRjYum6vVBGslgYaBtB,,
3tXUeiWOSod3mSQ2lOautf,,
6hb3ftxbKAFsOiNCdFbyzJ,,
5J10DHSs5nFktP4DNYncwj,,
7dNg7OLrxcWU9cVe3sQoMV,,
48HORs6F9P7IgdyKrk4MZC,Tarcísio do Acordeon,
6wbpT3ouvjUUWqKWJ5iQ9z,,
4U44HqrUwzfE2GEx9NXllw,,
1yPdXrLhRc50YbwiwCr1uN,,
5lTjv8Ag00qHSGhvK4JbeF,,
5UdPkKWd8YNR5xGcmqH9QJ,,
02qlwM8fpqep7vX8KKEFmK,,
7M75Am5m6J934JSviUOGz0,,
35P36DZtjEMEP2KOO9759M,,
3rolEAXFOTW33tkUA2VOuo,,
3SwqynF0kqvqwKJX9EXEQ3,,
4BZ0ACrHCLropCpHJypPvV,,
0svmVqwlzmbBfwofH6uGbk,,
3kJ7YsRgaO8ggKD1lw4C2T,,
3Af6nKYYghPjQMNzRgVXe8,,
5QzDzXfXC5lepOBeQXBiVO,,
2izgj6WOKJsuCRCQUKOoVO,,
2jkjh0xN47CSxbBn833ut0,,
3t66HrWji19Ey3uJE2DSyC,,
1D2TFpgTHMIO9P8k5ZVspi,,
3zUCHzvbTmCOZoY750yHPB,,
7EVtRX3E2y1wcAwd2YituJ,,
42cM14lDAB0KzoBWQ86TWu,,
6ay740FQIPgTMahZqP9Opx,,
202pmKkjpqMn8A188RW9EI,,
2FMdAViOScZVhMjAunoYNK,,
22WxwAyT9U9wWsKA7ToO7K,,
097u8n1F4JjTzmOR9VUVEK,,
2Z1JaXCxqUBOH0Zm2Eyrxq,,
5pDpKXDZXe97W5nPVRQo8A,,
7GHdxiYiGpD4ZHM3jfyIOr,,
1hUvMU3Sw9PKvnwftPtx8S,,
4R529xQ7WQfRpSEXaHFbRg,,
2wXlDjhPhTLuw6Fs6vc2xS,,
6WamMeXO2jN9tUYxSBUclQ,,
1UFLR3TTJAODTIog5FNv3e,,
4f2Osmfrp1z54Y2d7Nf8vf,,
7INJXFDyMoyqqp91q0FWqh,,
4niQBqaDLz6CBtHdTlmcWT,,
6h1X8zUal8YFzOWko9d6vH,,
4dyfZnveYGyJCPx8XZt0MM,,
2rujgIBrLOHJ64leeafdmz,,
24pnYmyDZqfVvQGqK1RZ9b,,
6bO2Z8dVVFFNZfRzo7DeSy,,
6LNDCTMQXF0sUyAOlFJ3RH,,
7qHsapL39aTQsPhixtzVvy,,
1l0mKo96Jh9HVYONcRl3Yp,,
2FPwX3Gh0w4Qr1v3zSTtcT,,
1LGh5vyaoQP9bgTwLSMTyW,,
4k9wp4ipHdA1bu1T4x1ZTG,,
1QcBqYUeQ4Ux3itkdDaFi0,,
008PpLcKUtVXle6JSwkq3I,,
4vtz0m60CCrcsQmqDunDIR,,
2ZRrPOjBIWoKK5rHedLijj,,
6YqdtpUutxodni6lUD4stM,,
4ZfTpxwHwtot9Ps59bXAF8,,
2NteKKMj3takKR3ABTd279,,
2QslFlDyZVpLYwfqyRDkNs,,
0ozdcqmICsOZDe7eJQVzrp,,
4laQz4PaKeh2Hu6QL6evVD,,
628gUkswCfCS1hIOOHmIpK,,
3yJnBqAoRUNeDabdYoiYWD,,
6z6iovCkrGvBsRsLOrFbdx,,
7HJDRQAfEcFiARVehhM6qD,,
09agIJMxCD2k87ys9Al0f0,VIZE,
77GVmrLGuxNEvj2ibvT62v,,
0gm1lHoOXAdy5OB4AwFYRr,,
5ZAR5Usb11xw4KENbEE8uZ,,
6udveWUgX4vu75FF0DTrXV,,
6pWTPhk1AtVfNmkaeXXVpD,,
0MZ55DwuMQ1B2TXq9lcrE4,,
4rp8rIXbwp93MnStnqDGQD,,
4l0PmbNvFq3m5JaUuAPbcB,,
2ZRrPOjBIWoKK5rHedLijj,,
6YqdtpUutxodni6lUD4stM,,
4ZfTpxwHwtot9Ps59bXAF8,,
2NteKKMj3takKR3ABTd279,,
2QslFlDyZVpLYwfqyRDkNs,,
0ozdcqmICsOZDe7eJQVzrp,,
4laQz4PaKeh2Hu6QL6evVD,,
628gUkswCfCS1hIOOHmIpK,,
3yJnBqAoRUNeDabdYoiYWD,,
6z6iovCkrGvBsRsLOrFbdx,,
7HJDRQAfEcFiARVehhM6qD,,
09agIJMxCD2k87ys9Al0f0,VIZE,
77GVmrLGuxNEvj2ibvT62v,,
0gm1lHoOXAdy5OB4AwFYRr,,
5ZAR5Usb11xw4KENbEE8uZ,,
6udveWUgX4vu75FF0DTrXV,,
6pWTPhk1AtVfNmkaeXXVpD,,
0MZ55DwuMQ1B2TXq9lcrE4,,
4rp8rIXbwp93MnStnqDGQD,,
4l0PmbNvFq3m5JaUuAPbcB,,
3GBBxBdoolb0B5YizZq9bF,,
4myAXQmMuS1lZe8T6Y7eBg,,
3HxTMZ6kZ9OuvFfwcYJwov,,
2Jw4Lrfjnyv2QsDoBgnrAP,,
5CGQa62CAweD76eHlDmp1m,,
7ieMQQDR0bdBPz572mtxwS,,
2ShoGcsu8kekluGvbggGKQ,,
6Ww3OMFzCaO33ulKh1LBFN,,
4JqzwqRUOCEHeIVRDWG5Jv,,
3PyWEKLWI0vHPmoNrIX0QE,,
6nwh8AhPpbwOUnHZJWrHT6,,
30fiiwr2EeZp1tAhzYCmyM,,
7fWgqc4HJi3pcHhK8hKg2p,,
15YnmlNukYCFvwaFnoDwwV,,
3Mvc8kRgr8LRYYgvFmlZqn,,
3CVYSpM7nfHFG5qCTW7Ht9,,
0wwDZj4zgZORjTGhTujAKx,,
4I2BJf80C0skQpp1sQmA0h,,
14bJhryXGk6H6qlGzwj3W5,,
54jZWpivOTllo1afYNSx5U,,
6HqPNOo6OV9rPbEY7MP9T8,,
32UhRcgdXO6LdLhOpfIdxp,,
6Q6qTNC2rAegcR5QjzcRgE,,
65A714FqhSPjoFZeffQbTv,,
6MrdwyCIKbpXmTKQBlG3uq,,
3HL1CyOnDLFJo1Rr8YBlKy,,
0FJz7XR37hH69traaHLijA,,
2nAUHbKI7TZShUwFpk6G08,,
6noxsCszBEEK04kCehugOp,,
2Waw2sSbqvAwK8NwACNjVo,,
3tHD07u1ON4uHxmnT9rwqZ,,
3XxxEq6BREC57nCWXbQZ7o,,
6hhqsQZhtp9hfaZhSd0VSD,,
20j1uz7iDOtIvIzCr5S8nx,,
2YMMZXPBFWM9aFUL4fzRTn,,
2kkQthS9OLpK4UqNWYqoVl,,
27XMnTLvCO7t3qGlQyTMkF,,
7Do8se3ZoaVqUt3woqqSrD,,
5R3NywPPOyhLfdvutgg0me,,
4lianjyuR1tqf6oUX8kjrZ,,
1uphmI1bErhHslREq9QusL,,
3qnMl4DHT4gndzFAcG4FlM,,
3J7r4VsNmuWixU0nXvyPd8,,
0SIXZXJCAhNU8sxK0qm7hn,,
07PdYoE4jVRF6Ut40GgVSP,Cartel De Santa,
6HQYnRM4OzToCYPpVBInuU,,
6mfK6Q2tzLMEchAr0e9Uzu,,
52OqFsDacV87Zx7BfXuw2i,,
1uhE4e8omc2wKqIK88bqH4,,
76ptJV8617638xrpeoUtzl,,
5WBO8UyOuJ1l7ZBqqBimpO,,
37MCoi4pcUf9EKsPXeuCqU,,
1cg0bYpP5e2DNG0RgK2CMN,,
6y9nlaoynxSvoTGY09Vdcy,,
4eSMsVzRJHhN1aq0IvZcyn,,
3ESG6pj6a0LvUKklENalT6,,
5lCY3tqdQxbeg5igSlObaT,,
3Yl4nkmEa8BSuGWbwhdLDq,,
6wN4QyhoM6fN49kEB25rnl,,
6tV9ApzzUMjXsFNHpgZmvA,,
1HxXNvsraqrsgfmju1yKk8,,
2ZzyxohC32i649slMn9Kgk,,
2o8lOQRjzsSC8UdbNN88HN,,
7t51dSX8ZkKC7VoKRd0lME,,
6Xg22wJOAcnvPUfk5WvODH,,
5dHfLBNU8zoypgKefzEB1c,,
5oWFxbBrbk2Mw86PLUg3OZ,,
7iCdyOeJYk06mKJ6nLrFQ6,,
4UikIA2yhd0jVJSXD9IOJH,,
6PjV05LlULv9XmFu7HeAia,,
2qk9voo8llSGYcZ6xrBzKx,Kings of Leon,
7tojcuXcZ7eBlQjbAc65Ee,,
2Asr5Otk5aKK272pK4ocG2,,
3bLSAQPeix7Xm2e5Gtn48R,,
07tFgedhta5b5WaF0Yj4bH,,
1iUTUix5kea176M0uJTsh4,,
7LfRnzGM0wRSyS5mmAwJbv,,
5piE2MZ1wGpBjpDud8kTOS,,
0bOSNnz9bGAUlV3OJ3rnQW,,
4J6A7DGmVEA4CXhTnCxxEd,,
2SabhGDiBSyaM6QSuBUVqB,,
2dIgFjalVxs4ThymZ67YCE,Stray Kids,
0JLbfIT1Z20raMAVYWtCD7,,
09Hzsy5bgnADJzIVlYUoQ3,,
19uEVh7y7Y9RfjMphMamXc,,
6GRG2j3z9S1Lsa47YgPjkH,,
3XQ81u1a60R7egDWLKzV88,,
3Lg3FGwBxOGuefqekQzRUf,,
3HqSLMAZ3g3d5poNaI7GOU,IU,
2FjkZT851ez950cyPjeYid,,
5L6GbwWUM3Oi5GPnkmmp24,,
1dvuibBCx9TnbCKIdOEF4l,,
70eNABm9r2VXOGYW4r209H,,
4s8ZGMVf3OiPktSP4ulpqU,,
2w1wJcGdJQ4Lw08oKBnDsw,,
7zwiFdY90oXzLh1Wz22oEq,,
3BkRu2TGd2I1uBxZKddfg1,,
3bRGJQd7b4lE3ZAEMfOXJp,,
7IiSLreTg1of8dDwxwiPw3,,
5UOOgRWguRmVZo1voJuQpf,,
0AEQNlJAZeghMaFyIYfrQG,,
2FMOHE79X98yptp4RpPrt7,,
7kG6A2lZMXeaD5YkubF5Kn,,
5U2ISoieRzT6TaqiXumcXl,,
5v7efr4mqt3RQxkT0Mmh5g,,
3zDGjdtoxUiH7YcTWOdtMd,,
5GxyeQagayzZOg4UwffQlD,,
78G8FdUykcn02tsgMLi3q0,,
6XpXnnKHIhCOUbOLOJGe6o,,
07iEy1AecUPVzfC2J2gCHR,,
1VmIfQToGVtxmv2w3QtyVY,,
1OnaDJeU2PxDBZZFkzkvZl,,
2FRXiAz5Uz78LLLSwEUhLt,,
7p1fL0cAuCPDMG6oBswFhM,,
6rGbkxba8N9yajezrAVMxH,,
5sRQkVexJlax2iISuqL8cV,,
3FCYSWNVmpjTCiwzJwbMAC,,
6J2bFI9tQDWfPHjoKHKrOu,,
5QuBVnBPEzwYvFrgBbwpmU,,
7vb7VLDqpLTlAy1ctTMR5d,,
53l3yjX8ITilPIlCRsVKEB,,
6Cny0Wt5OKLct1rGOLmu80,,
0gg11prPP6OqtUvBcKnPpq,,
2qXGNIlmY3JrYkxOWyXZsd,,
3r03pmZDGQnWxIeWE4TsOq,,
2n0Ki4A5tKTEloq3WCt1IH,,
6tmdudtl1wM5WwTIqZX0WD,,
3GtCKJA4SkOxN65MWjm82R,,
4Fr8ee9ec47r9fC8SqiO8z,,
2rspptKP0lPBdlJJAJHqht,,
7sAmHLY4Fs2rweYwdcQtft,,
65GDNtLQdPv30IljvoE2KW,,
5ILMkt5lW4KAyTXMNYWaGF,,
7E2ioKxoxI2J94tUkIx6As,,
2FyxcdLSH7XqsfJE6Iu0tJ,,
5A6NOdTbk43Jnr0GxFZQei,,
3yeIPSXgA3NRNwNaHy4EZW,,
1V599H9vfq6hWe2hGzyzI0,,
5SEW04tNMMrOz7UFQJA6vz,,
1Fe6FA7A57suR2KAaERpqH,,
2e8RAcYXYt5IStoaaQWcG8,,
46UMQ0cW8ToR8egkBRwAxZ,,
1E4r5qziZja6v8jA7iTqjn,,
4LEiUm1SRbFMgfqnQTwUbQ,Bon Iver,
4IG1SDlwgNKzqTmjBrvY3K,,
7HBai5xymOxIWoMWvWshe1,,
6Tu0luJL7EoFv1RsHZP30p,,
1q1wfzh2xtpj27TnIAqIvd,,
5k3NfhEeZHpouIGDpjKOPo,,
7wy9Plp8SD5l3LDuJubTcv,,
754BUADwzMYecBgOoBaetK,,
5RVuxgqu3esPo4LIrf4HUs,,
5IH6FPUwQTxPSXurCrcIov,Alec Benjamin,
6F9QTYrJgiLY80BZGzWIHO,,
7dJzxVffEZI5MuHOJiQB5A,,
4BIQA9vRkqXEnA2twmq7mU,,
6lly2jn9MqaxaWRrkEzOsJ,,
5mBzms8INTkASOeSDLvwoe,,
0FvJm0y2eHw0aPkLLU3sIG,,
3rqKgkODmiyDdimpz5D3y1,,
1cKyknhftNKXCjMBd2hDrG,,
03WNJB1zKyqW8DimkHP4Bg,,
6ugw7JCu0AG7txRcRAxU8d,,
7bH17jyjkwMPMh9AS8EH0u,,
2ngiK5FQchV4i7eOyXOXKt,,
2DWNa2o3BbsIHeBq7Iu6E7,,
0heKkbpQ4dGzGCutqDfBJn,,
78rUTD7y6Cy67W1RVzYs7t,,
5L8p9kDnX2cgoI8VLUL2p4,,
7mnmr8BPHhEEYFwIHlclFt,,
4qhaHyCtCaFugTqT9LzuKp,,
4b1cEwAKl1Wdg6x8kkraJa,,
6SZBqn91m2QZDcbzmHUFPP,,
0elWFr7TW8piilVRYJUe4P,Natanael Cano,
68Uwx1d3EbjDJhYsLjqvIq,,
77QIEno3j2L5WkrHkh2OnP,,
45Ui3GdcxzbdJhhTtZLXO8,,
5FQ8tBUtIamA2hRtatrYUF,,
1aA5OGASCVhznQYm71BMYg,,
2eBqkaIfoNsOPCQCQEy5fD,,
6Id8rcDNyBXPcgKQVfQ8rX,,
65lnOtC17SrJDt6CYdixJI,,
7CIYYEGtuTl0sjwEY8ihGh,,
3X3UuLUdMaQjXAC3FM3ckd,,
6sp12XzqjowOJNO1jkbXMR,,
7KO08sObbX1IHeiIR9b5NB,,
606eWexxNhc6Mj0RuCxMA9,,
1pDF5UltcypyatITA3Pduo,,
6Nl4VXcX86fBMO4YE6oYfN,,
00OLN5o0Ba1W6KkjRi5jWd,,
6fzh7nbhTUmqHUlx7a6DFW,,
4GsVpISKE79xqOxIrj9FTk,,
6lY6kOVMG0mR07JTzU33o5,,
1V95p8oWGxXlpcFRYqXV3w,,
4LqXqd68BBoEk9RDYeS0ls,,
3oAazIwC0nAYkOKVQPUC38,,
5wMfct6VVvaVQ8xGCXxIUa,,
59pq5Vw16UDkR9txoPKv86,,
1p2oJls3t03KjBx99Lj2ZQ,,
1QAoT8rjnSPy5pXpu3yiHS,,
25mbgceDJKxXGP8c5FmC83,,
1OJvqVmekd5OPxlTeHmlBl,,
6aL4ovuNuBg7rmrPjOTIUN,,
5hDZAExrfOVqKBLS8Ofyac,,
3nmaO18tcMzfrrR7sdJHnH,,
0OS0NZnK7TGIAWx8MkWNFN,,
1JKku43pXGs9GM80XoWDzi,,
0ijmTKTGsjqOXfL5mWgUXC,,
7bq6y10LXuxWmZ7Q1E9mwr,,
38LDl2oddqYUi1eEE1uw2Q,,
4Y5HJP3oFOJ8UVBXHYWBgx,,
0iBTVnJ1Sff92zCDujfvyJ,,
66wqVYADY665LeMxs8nlk3,,
1Oa0bMld0A3u5OTYfMzp5h,Nate Dogg,
4a0UP5sUQGKcn2QJnqMT0t,,
7y7UhmnDydiweGCwrHsI22,,
4pVaQcaBqbvk0ucB4r65e3,,
4zO6WqG8mu49ek0ZDIptTk,,
2xE7TMnsr4hxdQW5F3urtq,,
4gDfRB8znZzXih7iQ3pGeW,,
6HYjkczJfUdGcwIGPOq5P2,,
3oqzxUlHhjJ7auI4dVujKX,,
0eBOZ74PcpQb3SisNPgaRQ,,
6Cw4b0HJcYPaG1ik1tpdZa,,
3XSyTI9ct70ZheMESAv2st,,
1ldFRYgmjxDrX27bIe3dWx,,
09zTbBto6vE4LzVjQluIz2,,
6tE3YSDrBq015UZTxh9Zki,,
4OGJOCR3m1HC87JGx8cuEQ,,
5TKKPpY9zr2qrz3JM3Vawq,,
5esOg4joS5bpE6xBsMLcBi,,
0zaYnC5jWu6BKBz3vnNyZ6,,
5BJiJign2sqMUCJhpStgNd,,
4n9z9czt00gzw36hdoVU3G,,
1jDbZQQs4VNtiC4AerpIg4,,
09oR0uKhqwScsKa2eUK97p,,
1sUkDjXjPTILSBKDO7x2kW,,
2JcB0D3GGG5BhIJDkdtXi7,,
5AUK3KLrqdHpcsRowJVJIn,,
4WrL8YBVkibeodZIhBLjsn,,
1seU2dut8PjGSZbgrPl7by,,
0Ku5VBNL7cfGXRhp2BxXEQ,,
2VZTBcS7ecOfaEwIfkak2r,,
260LldmHBR0r2wtWtjzNxL,,
7vwpKCVjqvSn8RVOhD38g9,,
7iWYCIyfxwVyVae6u7qJaO,,
31jYTsfmnHqcK7ahdqlqmo,,
4nTpgCVfCqU7ouzQeZw0rL,,
3962g9Dfd93mJSVy1D37LF,,
3zT7dcLl9wbSXsVh3VQx3A,,
79cmm0PKrLWIrqp80GpJtK,,
6bmlMHgSheBauioMgKv2tn,Powfu,
1Lwi75x0B1hlJ3FkadbqaF,,
0hlv0auaYL5p7H0M27Gtrg,,
2qL9AGTy8Mr016YBC0dvGV,,
2VGcECsvRjugsMNJ2bVSsM,,
4rYJIqA2SBfcbn8y8yUGtU,,
5bdLiUDd0rIMAkT1y6zLaE,,
3EUg5IOxGnBPtjK0uzMxcJ,,
6L9h5cN2DNOoMqFRgIv7uU,,
5jNKsTKXS0Ub5ng4c4XsL1,,
1GJH8huKOcDNdAdgwExXnw,,
2ESi6tlKQpAqymfpcmBmYi,,
4I6wXEDAaa18CfmvwMJalK,,
6qHbMZsiP4JAX7fqvoWDqs,,
1etNnR2SdlelBQAICa2Q5m,,
2iB7AJhJmkWkkehY9ccB0j,,
1u7kkVrr14iBvrpYnZILJR,,
6Y8pfJkEdw4EAST4g9C026,,
7lMgpN1tEBQKpRoUMKB8iw,,
6JBGaRYIWS7fzKP0qGgZve,,
2hcsKca6hCfFMwwdbFvenJ,,
1AyWsgtaIgXbzjJlTx2ZDp,,
3bAFvRjPZrpRz9Ox1sElQa,,
3FlCKtwOEYQQYyGVEbxG2Z,,
3Hew3AuvrbKxCbehT4Rorq,,
25UNJbwGZSQKvz5cPLWlv3,Los Dos Carnales,
1RgXxY6uzWo9cjYYwwgVGq,,
2uWcrwgWmZcQc3IPBs3tfU,,
0CF71zaDOJWCynIkW9bSK8,,
2civFPMAiigAwTEUKkeRW2,,
6aIm51fHkokqlJn2vzNTH8,,
35Uu85Pq33mK8x1jYqsHY2,,
1c84wItoiAe1pEbpJMqUmQ,,
4SaxUo7mfdHBowU0llwxFd,,
1DxLCyH42yaHKGK3cl5bvG,Maria Becerra,
3DHOtJqv0Bw65ENlK4FiSF,,
1xKdiuYoOCM2oCMErUjvtq,,
7IgzsWd4tWIn70uh6dAq8d,,
2k8fAJK9HbH1FhqVpZL98P,,
6zGmypGQUBXD4ZC9EbfMme,,
3ljuRRLVJKgXJKO0xNqzi6,,
0yniDkE5y7ci4X9OtLBXaQ,,
341CfLcUdaBGixB8IJjYwW,,
3wGRXHdFCbyHhyVbdAWNrd,,
7JWJRzjFr2Qt5yB9ondmoq,,
3BVkDHWRvLJEyKdvhLbjsq,,
2ydZrTy8U3kOMOzx20s3dg,DJ Nelson,
3SEztK9fNxg81qZ8qETGNT,,
1PpRPZXSS5ka7m5NW2TO7q,,
4muJrGMndyYWqZtfk8OWy4,,
30U8fYtiNpeA5KH6H87QUV,,
5zBAb4P2NoTps0shbgZvgj,,
28gf2piFx6cAKOMIwcky5a,,
5Ag6luL11YrL1Znq0xsVuh,,
6bMul6rmRS03x38tWKYifO,,
7ITd48RbLVpUfheE7B86o2,,
4bx914GWsNvshDzfYNSKjY,,
1UIlMGFBSIAFckml8NylWm,,
3Aw1WaC6Xm8cOOppvXcnfa,,
2tQbSWgZLIB8MXMnsXVRro,,
6jTjjAjvYvMYfaqi837p5x,,
0blJzvevdXrp21YeI2vbco,,
16FJYC4FqKhZXiXIzMI4ul,,
47jBQjRmURjRn3XfLIaHvV,,
29ywwKkxfoH7iWwNY1UezA,,
31l8FA2bO5qxpqf8uhV5eZ,,
6jdObwsrIjSRnBbMw6lPBj,,
2F5W6Rsxwzg0plQ0w8dSyt,,
0WC9R4MbKLlwzhwqB5cqjc,,
4hBCDHUWTljP6BDl5AekgW,,
1eeWVOCazGzGQXOGhnDHTB,,
1S0uvW1rgvtkNGma9su3fJ,,
0yqCOSZ1i0c49UUbE8AzbQ,,
4A7HeXSd4HtQuf6IR5XZ1b,,
30BSBWLKnYJION1lCPugXc,,
6is2U7I1jlI8PjxNZOHIMV,,
1WLKjYJX9YHSlwufclauhg,,
0xTcxl35DKXUeYRWqY10w6,,
72T7x96EAqN2UWvAgobYfv,,
2aQnC3DbZB9GbauvhAw7ve,,
2gKYxTUOqw9aPt7ljMwSHT,,
0UKfenbZb15sqhfPC6zbt3,,
6ihLfpY3cmdGyWEnItn30w,,
4iCwCMnqsNZ6atvRiADgtn,,
6CSa1r92LtHHdLG6kRabU3,,
2MMXs21RASEwAmU7gRheQ0,,
4U78sK2D3zASSB6oSR38GQ,,
1GPoTgvXd5OqZMF1akOsV2,,
0rTP0x4vRFSDbhtqcCqc8K,,
3mJ9GlkLzj8Ka7Z7EQaCMi,,
7zLcnirfgw1VEHHshuGcDR,,
3dI4Io8XE33J2o04ZwjR0Y,,
0YPElKYjOD1sofFCtLdYj3,,
0e04xgVBPU6mE2QkSHlufD,,
3df3XLKuqTQ6iOSmi0K3Wp,,
6ltVunYjAAD70YtVO6rxvX,,
1mXD3HVrObKWyjMvRjfsXp,,
1a71mkqZC54WhePSbnq7RK,,
0RfocEzLe78RexLTeU1K2p,,
0dAcy3ayJIW98jdHTacqac,,
3WKZeiNOV5dnANlQnjL95B,,
2ECP3nWC88LaFz4oQzTo3Z,,
6flBUmmOMLNhD4EJhGwgpG,,
2g0QLUYku8AuPVK2udRV7i,,
1CWmF1EcrKoWIbZt9Ivfg2,,
0OltT51j3hIkgaDJqqPzDn,,
0OMJR0LjjKv21qNvICTgbi,,
7LQLsKs1Qulq0BxYdhRnBU,,
0wjrZ5PUcVjAbUUX33JRr8,,
7blTwZGiTplsvBEvYOsDot,,
2zzKlxMsKTPMsZacZCPRNA,,
6FqXAd1hQl7vVdIQ3hhtgc,,
1tnX93BHWyMdBSLhwAzo1j,,
2Jc4AEeBTE47KwuKgYOtcL,Die drei !!!,
7FaGCZiP3s6X7jQTB8EhfI,,
7ggM69yllqpMykcU8Tror4,,
5GwdnlZaSwKpHmjcAijATP,,
0tPjSrb43a58uznKru1k2P,,
1hHYi4Vy83BGo6TqKd98hu,,
1twC2fwPG5FkvYcMpVBQRz,,
6zn0ihyAApAYV51zpXxdEp,,
2msPoIYdnKVeuOOM960FC2,,
54dqxLAclwu0QSaTwCyCaF,,
2C7RDMSpyGZFyoSnvOeU4J,,
2x8vG4f0HYXzMEo3xNsoiI,Bibi und Tina,
6a1CGYBFAUrrWZvD2iSsEi,,
3FTKP1k9VbOng3m1rgnsqx,,
1sICjVlCMOCah0snHXWUz0,,
0o0PoOOyXcmqcyVz8aSdYu,,
2qWNYueLfc979iEdLOIK2C,,
50mdotNCJ2PcoZiAgsh8dY,,
1PKErrAhYFdfrDymGHRQRo,Nathan Evans,
5kuxm06ltfO1Rj9j5UQewf,,
7mC8Nb2rN3hM0v0bpxaMzL,,
5quv5QEyL2XAloebaau69m,,
7FwxJtVorL07N6kbqmkPr6,,
0fkTQEEyEyH71i9tDhS7CO,,
5Q2fyL2TcdUY9IqKTkGk5G,,
2BNVHk103mhpIy5ytlCHTT,,
5R9eOlQf7HGzD6srMeJKio,Solfeggio Healing Frequencies MT,
1YMUxFiaKsU85N9YolW0W9,,
4ub2v80S4RIceZRGnlhjTr,,
5C1S9XwxMuuCciutwMhp5t,,
6jRUKVZllu1wtgXHbqvUmT,,
4as3khXWaPjfkFdCA0JWMo,,
6NL31G53xThQXkFs7lDpL5,,
4TcOznbEZBqev21LzAH4KE,,
4wuKH89QtnyauwNpBMp5RP,,
19IsMFpELM7g2UDuwDlZvU,,
4zGH6gaO4NohcfCXZ31bQG,,
3tqosLbNFNekyZyO2KJ6qd,,
5mMuiFhh7faS7qxnTLRA6u,,
0k70gnDBLPirCltbTzoxuM,,
2X11x8C63wCzAf1WwsIuLg,,
47z0zz9ZMCn9GBiPRTn5Bc,,
3Mn6d673ieRza7uw6zY2Zv,,
6G43BFwUJvFWbev3knhgEa,,
6t7U7sYlVCtlMWzbecJcHd,,
7APCyvMzp0tcZljed0lpJG,,
6MvRVq0CtpQQlwnIiszV8F,,
4VECwDIJ0DYczPqCyP85kQ,,
4R0FKprdEeUIbzAwhrYTv2,,
0gOsZcHl7H3ewXVIEnWFZX,,
2IKdK6PbitvCiXt1t2bPU6,,
38nF3ZyCqorhu0SaQ7yMqI,,
4V1v1oFnKe0b42lZh1QBnF,,
7fajLZIgjOSUcPFuryO80A,,
7l8rOFwZFQ3G0sgZ7gjGng,,
0UntV1Bw2hk3fbRrm9eMP6,,
3TtgOeQcNkf9WVDA4xPBJM,,
2aDaFARm4U9hf5DI9Fhbnh,,
28UDeKu2FPrU0T7dpUiSGY,,
5z9wLR0RGBcWMXr4fCZW0K,,
3yGA8yyowtKVXgNIXguMfz,,
430byzy0c5bPn5opiu0SRd,,
1nivFfWu6oXBFDNyVfFU5x,,
5H5RWXYleho8amdspskcUb,,
1z6xb7fWEynx9m92JVA8ZR,,
5bVQN1TENxjVjWXNHHpflG,,
1UAzmnFgjizIDvtHvnCdEq,,
29bg2tYJCCyiuZdbsc9mFh,,
3LLNDXrxL4uxXtnUJS5XWM,,
0bm9qSmVJmT9CEukIhhZY5,,
32r72WOqqRO1DtSznId7Lr,,
0iWCupAJreesWuLo9wkpXt,,
3Q2ya2vGeOhQ9CaF9wWNP6,,
6RQ9kYbHisp1UUbnfwHNeU,,
0cXE2SrE0M4Vn7F2NVzG6q,,
1DxUdl4z0N2hLqU7U6yqwc,,
4slXciON4jYY6mqE9LjSFx,,
0caJEGgVuXuSHhhrMCmlkI,,
00OF0nwYaoBSO3AnPVq3vE,,
0dS5xeDefwoUNasLUHnCjR,,
2mU9RFNN2NhzpR7vXK5DDt,,
1YVEF2N8QHkkQ84LM51Xyo,,
3K40SMapVhc8PxyYFofHff,,
14XRgLXin9R3eKTNXBNwos,,
01XYiBYaoMJcNhPokrg0l0,,
5UopXhshFFqRIMfeZrBclq,,
6PXiPeUVFrlaC1n8511ijT,,
2hH16roqnQFy0PdSmgZRSJ,,
5Pmsa0FeoMFWsjhpo2bIAK,,
0VUeSHZjbneQ8Ti7whkL9A,,
0h0C8mMT21p0Ixq6qO1UMH,,
6psCCMHymYfQy6VvYRr6cs,,
1UjLyuJUXKzlECQRLIsF3n,,
5wQDQFm7Ku8WWGi5xqJ9lp,,
5uvOG0MwnD2ANrxNBUPtNr,,
0d7jzRhjOifL8X9hxNvbEn,,
1GfHpetDFhvqfm5pceDTrX,,
5Wf0eeUkR6rRAre6L7H7jW,,
6aUgzC0cMh0StjV7LyFEDr,,
07V3atNq2TyPNDYmzp6Dyy,,
5mwjkxQflHcuSGuDpEPm66,,
3vHwJg9XHrACvX9ZlwV8pT,,
35RvGPQ1OxbEZknWyiaAcs,,
5PQVAGtwANqHreEKQJthOU,,
1enyvmNKgt4BIIkVnt9FAV,,
5s27i7oqhNWIcE4HeoVdq0,,
2RrkjxcwXz281MxRs8Oqp7,,
0ZCO8oVkMj897cKgFH7fRW,Los Ángeles Azules,
7AKO4PWJ6ToZVUfA5xmsIY,,
13kMpt8IdcHcdxPLcJrgU2,,
7FeObngbQ0GY3SojNwKdKn,,
32qeMmjXorbPWS9JOi8O2p,,
6k6dimE4a6OFnD0HWmkIUW,,
37UXlMGND0Tr7Su43RxHQ0,,
20akE7sZUTpZSC78lPhqvt,,
0AeOzXbHJu8q2xqILEOLEO,,
4mWdGXvLBhz5i2Qe5swRXb,,
4m5LghDfOKFZNEBZ0GO1OQ,,
4WZGDpNwrC0vNQyl9QzF7d,Capital Bra,
4PFgfReja3r59JaekHpeuf,,
0K23lQ2hSQAlxSEeZ05bjI,,
4q3hVjQ64ODTveUdXsy2Jw,,
1NHdROm8HLgfbar8uCIZGk,,
4ET82ZtSfAK4utfjDauImD,,
4rneSQYWhgIT9pMX2NwpeM,,
0cuIIYEWDS7V1iBl65NtL6,,
3zZw7SJZFWJURkchuzBFTX,,
6aJRwrwfOffz7RMh2Cfm8e,,
3zZ88AwlTwfCJkowsFCvLA,,
3bAa4FKwIgwWYHdaUJicmE,,
7sNr4UxauWqLRElKZufDRU,,
51ltJZ6rB893AdzgCxSOV3,,
28Jt29jw6Smc3ZkzALTouq,,
2RSmBT9gH02j53dMSw982t,,
2zmjYl582zO64LcLQtOEuv,,
3sHpO1q6h5hNmEhhXtR7ZG,,
4RB2EEsmLhQTOSVQQpDzNg,,
5YqXgMhzkUnyjYQGgoIvoq,,
5qeFPM2PZUCzcpkY4e4RC8,,
4BwfloY1F2zHUPcYlYnDnz,,
2gie1bU1LwnxdFAJoTLjzT,,
5M9Bb4adKAgrOFOhc05Y50,Pablo Alborán,
3zzeZVLuOeetfimOd4k8rE,,
1naX4fxuRaDFlj9tGfIUZk,,
4eB5clMaoi0cCRnCwLkkiS,,
2w5q7SKsUmpdUuyf5HOA2c,,
3tvtGR8HzMHDbkLeZrFiBI,,
4422XPmmt7lJGKjYbYSI6B,,
0hgX6slgQFj1QpjpKHbcK1,,
6o4O5GX5kOWAGXtZUedxo3,,
5KYEMMz9O9iLIESifKAEOp,,
6XFc29m1ptfUNmaa1UTuBT,,
0I5CMdNszqP3qJTmhGxlsA,,
5N6EzjkOoyABhNZJggeXi6,,
6a3WaWgxrVmNIvaiTCI0Kk,,
5ZHFfmxPiRYohYVeUnOogj,,
0LtVJXnPR8msCJiE2DjHxy,,
7jQYzUpPshdP6jZS7lJSDU,,
1lhceMHrxr0jC943AuAhhh,,
0cng44S55pPu1nDrtFFy7r,,
0IROOdQ2fQUcoaEPqt1Isg,,
7DpYMZzVNrjqw1geHziUEd,,
4DpQLwz0jhUU7wuT9phTlD,,
5XZgpmkYGYvZ1hxyXBj6c3,,
3pVfscwg2QxhdHtk966inb,,
0GICHCgSgJrRnanaNRFIMX,,
5gZhfbckaWo89OzDSk3gdT,,
5enzAipom8L2RuY9KtG9Fv,,
4en2ObzSYlIYbCGknXjgG9,,
03SBMfoHX3EUENFwFoLN5i,,
6os4KQUfJoyJwjZ7y7Ec6Q,,
0Yb0T3wUUNiIvHjqnfkbuH,,
5SqxgH3k1AkSVkpdTGYudY,,
2MFHjZApmAbHQxL2oWr8Tl,,
30ut8L4gmEz4vNr1zNhpbh,,
26UV9EKIInWeV0jJysGZum,,
4e5oZygHeeRoTXc00gYWiu,,
45UHclgIcRavRoRa2MET5i,,
28el2CfkqCqx4vgAVkWvUd,,
1f1DjtYgH6yBzBSiGteBJl,,
4fqk0Vw0VrIY8O2eWtmQO2,,
4D8x1OO5HeS7yQaSoSbAc6,,
3paPKXFFD404Fuonc8DvnN,,
6RuIbUAQK9fmBq08AbY6XE,,
5qEtLvXzYdv0G7c7rR6irX,,
6ddcxDK0BEkhe5LCdoA5Ki,,
2ozcTa5tl8qhSbhJKM60I5,,
0FwnPHExlRRxEZPLAi5tmG,,
5kfO0hrJ2B9B27G1fUbzVJ,,
41HOzTOe9JNerhym1HWxti,,
0iPd49ijIfA2JCZSZ4QDPv,,
7JXCJDLGh1k9cg6JbYCpYl,,
0hKUUP3J5Dc69cQur3U2nV,,
1EOYBck22ZKyCvUUeUFus7,,
1v4YnufenjE9BLAfP90qvt,,
6UZvJbrEJxkycbgUznMIF9,,
0Q5gLNKbp5mpfEvquAaHCl,,
6DFLc5QqAw2mxhMEoLXIdj,,
2k8LSCieAnywX4Ku6k3X4m,,
1TUO8DpCpHhmB4gYdLqLOF,,
3IvlMYb5AvKRfNt7vR8PNP,,
68Yelg8HOZqYn4EjOnXsZy,,
2rEVnwCPBeGkWMv425KoG1,,
6bmZfABIjvLMAMYwujdjFy,,
3DJVDo0kd19fZXpTabasOX,,
3tB8VKd0rtEnc9x8l78ymo,,
4Kjr1MPMUfuH3QKXtAljNy,,
0my6Pg4I28dVcZLSpAkqhv,El Fantasma,
2q10Wskc3lPYmEuV7rzMCv,,
3LVYHgfHgCTy3QSRt5kKQg,,
3R4VCoPt7V1poOWpdU43X8,,
0AkL5tzM3UsDlWak9E0OwH,,
46iD7xFc8ubzILibDQ7fL7,,
6d4AePmkVnbu2qIbT6vsem,,
4KpdqBDU2C5gB3vhdojuqA,,
50Ej4gF8iYESted3e4JZ4t,,
05lGoXu9JR7S0vzqUhVCsQ,,
0F6wZIBwxstvRk9eQtpvOo,,
3E0MPcbZSjfJ1HsnJKXkqd,,
2mdhxkqoWFBLtEC5FRkMD0,,
5SzvirsCuL9PBU7S1Pc1Hb,,
0w57qOEVTcqs0bLyFJ7Q52,,
6CXezToiGS8K6jr9kr8Muv,,
6nW4HoxDOPseo0GCGs9ROq,,
